Country,Category,DateTime,Value,Frequency,HistoricalDataSymbol,LastUpdate
United States,Disposable Personal Income,1959-01-31T00:00:00,351.542,Monthly,UNITEDSTADISPERINC,2019-02-28T13:58:00
United States,Disposable Personal Income,1959-02-28T00:00:00,352.932,Monthly,UNITEDSTADISPERINC,2019-02-28T13:58:00
United States,Disposable Personal Income,1959-03-31T00:00:00,355.198,Monthly,UNITEDSTADISPERINC,2019-02-28T13:58:00
United States,Disposable Personal Income,1959-04-30T00:00:00,358.207,Monthly,UNITEDSTADISPERINC,2019-02-28T13:58:00
United States,Disposable Personal Income,1959-05-31T00:00:00,360.347,Monthly,UNITEDSTADISPERINC,2019-02-28T13:58:00
United States,Disposable Personal Income,1959-06-30T00:00:00,362.576,Monthly,UNITEDSTADISPERINC,2019-02-28T13:58:00
United States,Disposable Personal Income,1959-07-31T00:00:00,362.767,Monthly,UNITEDSTADISPERINC,2019-02-28T13:58:00
United States,Disposable Personal Income,1959-08-31T00:00:00,361.158,Monthly,UNITEDSTADISPERINC,2019-02-28T13:58:00
United States,Disposable Personal Income,1959-09-30T00:00:00,362.258,Monthly,UNITEDSTADISPERINC,2019-02-28T13:58:00
United States,Disposable Personal Income,1959-10-31T00:00:00,363.4,Monthly,UNITEDSTADISPERINC,2019-02-28T13:58:00
United States,Disposable Personal Income,1959-11-30T00:00:00,366.258,Monthly,UNITEDSTADISPERINC,2019-02-28T13:58:00
United States,Disposable Personal Income,1959-12-31T00:00:00,370.244,Monthly,UNITEDSTADISPERINC,2019-02-28T13:58:00
United States,Disposable Personal Income,1960-01-31T00:00:00,370.842,Monthly,UNITEDSTADISPERINC,2019-02-28T13:58:00
United States,Disposable Personal Income,1960-02-29T00:00:00,371.29,Monthly,UNITEDSTADISPERINC,2019-02-28T13:58:00
United States,Disposable Personal Income,1960-03-31T00:00:00,371.945,Monthly,UNITEDSTADISPERINC,2019-02-28T13:58:00
United States,Disposable Personal Income,1960-04-30T00:00:00,374.737,Monthly,UNITEDSTADISPERINC,2019-02-28T13:58:00
United States,Disposable Personal Income,1960-05-31T00:00:00,375.953,Monthly,UNITEDSTADISPERINC,2019-02-28T13:58:00
United States,Disposable Personal Income,1960-06-30T00:00:00,376.456,Monthly,UNITEDSTADISPERINC,2019-02-28T13:58:00
United States,Disposable Personal Income,1960-07-31T00:00:00,377.745,Monthly,UNITEDSTADISPERINC,2019-02-28T13:58:00
United States,Disposable Personal Income,1960-08-31T00:00:00,377.52,Monthly,UNITEDSTADISPERINC,2019-02-28T13:58:00
United States,Disposable Personal Income,1960-09-30T00:00:00,378.278,Monthly,UNITEDSTADISPERINC,2019-02-28T13:58:00
United States,Disposable Personal Income,1960-10-31T00:00:00,380.101,Monthly,UNITEDSTADISPERINC,2019-02-28T13:58:00
United States,Disposable Personal Income,1960-11-30T00:00:00,379.811,Monthly,UNITEDSTADISPERINC,2019-02-28T13:58:00
United States,Disposable Personal Income,1960-12-31T00:00:00,378.164,Monthly,UNITEDSTADISPERINC,2019-02-28T13:58:00
United States,Disposable Personal Income,1961-01-31T00:00:00,381.88,Monthly,UNITEDSTADISPERINC,2019-02-28T13:58:00
United States,Disposable Personal Income,1961-02-28T00:00:00,383.847,Monthly,UNITEDSTADISPERINC,2019-02-28T13:58:00
United States,Disposable Personal Income,1961-03-31T00:00:00,385.231,Monthly,UNITEDSTADISPERINC,2019-02-28T13:58:00
United States,Disposable Personal Income,1961-04-30T00:00:00,385.8,Monthly,UNITEDSTADISPERINC,2019-02-28T13:58:00
United States,Disposable Personal Income,1961-05-31T00:00:00,389.154,Monthly,UNITEDSTADISPERINC,2019-02-28T13:58:00
United States,Disposable Personal Income,1961-06-30T00:00:00,393.346,Monthly,UNITEDSTADISPERINC,2019-02-28T13:58:00
United States,Disposable Personal Income,1961-07-31T00:00:00,395.531,Monthly,UNITEDSTADISPERINC,2019-02-28T13:58:00
United States,Disposable Personal Income,1961-08-31T00:00:00,395.876,Monthly,UNITEDSTADISPERINC,2019-02-28T13:58:00
United States,Disposable Personal Income,1961-09-30T00:00:00,396.684,Monthly,UNITEDSTADISPERINC,2019-02-28T13:58:00
United States,Disposable Personal Income,1961-10-31T00:00:00,400.837,Monthly,UNITEDSTADISPERINC,2019-02-28T13:58:00
United States,Disposable Personal Income,1961-11-30T00:00:00,404.57,Monthly,UNITEDSTADISPERINC,2019-02-28T13:58:00
United States,Disposable Personal Income,1961-12-31T00:00:00,407.147,Monthly,UNITEDSTADISPERINC,2019-02-28T13:58:00
United States,Disposable Personal Income,1962-01-31T00:00:00,406.891,Monthly,UNITEDSTADISPERINC,2019-02-28T13:58:00
United States,Disposable Personal Income,1962-02-28T00:00:00,409.829,Monthly,UNITEDSTADISPERINC,2019-02-28T13:58:00
United States,Disposable Personal Income,1962-03-31T00:00:00,413.081,Monthly,UNITEDSTADISPERINC,2019-02-28T13:58:00
United States,Disposable Personal Income,1962-04-30T00:00:00,415.39,Monthly,UNITEDSTADISPERINC,2019-02-28T13:58:00
United States,Disposable Personal Income,1962-05-31T00:00:00,415.881,Monthly,UNITEDSTADISPERINC,2019-02-28T13:58:00
United States,Disposable Personal Income,1962-06-30T00:00:00,416.208,Monthly,UNITEDSTADISPERINC,2019-02-28T13:58:00
United States,Disposable Personal Income,1962-07-31T00:00:00,417.78,Monthly,UNITEDSTADISPERINC,2019-02-28T13:58:00
United States,Disposable Personal Income,1962-08-31T00:00:00,418.787,Monthly,UNITEDSTADISPERINC,2019-02-28T13:58:00
United States,Disposable Personal Income,1962-09-30T00:00:00,420.969,Monthly,UNITEDSTADISPERINC,2019-02-28T13:58:00
United States,Disposable Personal Income,1962-10-31T00:00:00,422.612,Monthly,UNITEDSTADISPERINC,2019-02-28T13:58:00
United States,Disposable Personal Income,1962-11-30T00:00:00,424.079,Monthly,UNITEDSTADISPERINC,2019-02-28T13:58:00
United States,Disposable Personal Income,1962-12-31T00:00:00,425.888,Monthly,UNITEDSTADISPERINC,2019-02-28T13:58:00
United States,Disposable Personal Income,1963-01-31T00:00:00,430.009,Monthly,UNITEDSTADISPERINC,2019-02-28T13:58:00
United States,Disposable Personal Income,1963-02-28T00:00:00,427.919,Monthly,UNITEDSTADISPERINC,2019-02-28T13:58:00
United States,Disposable Personal Income,1963-03-31T00:00:00,429.391,Monthly,UNITEDSTADISPERINC,2019-02-28T13:58:00
United States,Disposable Personal Income,1963-04-30T00:00:00,431.119,Monthly,UNITEDSTADISPERINC,2019-02-28T13:58:00
United States,Disposable Personal Income,1963-05-31T00:00:00,433.476,Monthly,UNITEDSTADISPERINC,2019-02-28T13:58:00
United States,Disposable Personal Income,1963-06-30T00:00:00,436.621,Monthly,UNITEDSTADISPERINC,2019-02-28T13:58:00
United States,Disposable Personal Income,1963-07-31T00:00:00,437.964,Monthly,UNITEDSTADISPERINC,2019-02-28T13:58:00
United States,Disposable Personal Income,1963-08-31T00:00:00,440.316,Monthly,UNITEDSTADISPERINC,2019-02-28T13:58:00
United States,Disposable Personal Income,1963-09-30T00:00:00,443.522,Monthly,UNITEDSTADISPERINC,2019-02-28T13:58:00
United States,Disposable Personal Income,1963-10-31T00:00:00,446.957,Monthly,UNITEDSTADISPERINC,2019-02-28T13:58:00
United States,Disposable Personal Income,1963-11-30T00:00:00,448.527,Monthly,UNITEDSTADISPERINC,2019-02-28T13:58:00
United States,Disposable Personal Income,1963-12-31T00:00:00,452.828,Monthly,UNITEDSTADISPERINC,2019-02-28T13:58:00
United States,Disposable Personal Income,1964-01-31T00:00:00,455.283,Monthly,UNITEDSTADISPERINC,2019-02-28T13:58:00
United States,Disposable Personal Income,1964-02-29T00:00:00,457.384,Monthly,UNITEDSTADISPERINC,2019-02-28T13:58:00
United States,Disposable Personal Income,1964-03-31T00:00:00,468.514,Monthly,UNITEDSTADISPERINC,2019-02-28T13:58:00
United States,Disposable Personal Income,1964-04-30T00:00:00,471.411,Monthly,UNITEDSTADISPERINC,2019-02-28T13:58:00
United States,Disposable Personal Income,1964-05-31T00:00:00,473.938,Monthly,UNITEDSTADISPERINC,2019-02-28T13:58:00
United States,Disposable Personal Income,1964-06-30T00:00:00,476.165,Monthly,UNITEDSTADISPERINC,2019-02-28T13:58:00
United States,Disposable Personal Income,1964-07-31T00:00:00,479.036,Monthly,UNITEDSTADISPERINC,2019-02-28T13:58:00
United States,Disposable Personal Income,1964-08-31T00:00:00,481.543,Monthly,UNITEDSTADISPERINC,2019-02-28T13:58:00
United States,Disposable Personal Income,1964-09-30T00:00:00,484.18,Monthly,UNITEDSTADISPERINC,2019-02-28T13:58:00
United States,Disposable Personal Income,1964-10-31T00:00:00,484.339,Monthly,UNITEDSTADISPERINC,2019-02-28T13:58:00
United States,Disposable Personal Income,1964-11-30T00:00:00,488.146,Monthly,UNITEDSTADISPERINC,2019-02-28T13:58:00
United States,Disposable Personal Income,1964-12-31T00:00:00,493.54,Monthly,UNITEDSTADISPERINC,2019-02-28T13:58:00
United States,Disposable Personal Income,1965-01-31T00:00:00,495.03,Monthly,UNITEDSTADISPERINC,2019-02-28T13:58:00
United States,Disposable Personal Income,1965-02-28T00:00:00,495.356,Monthly,UNITEDSTADISPERINC,2019-02-28T13:58:00
United States,Disposable Personal Income,1965-03-31T00:00:00,497.668,Monthly,UNITEDSTADISPERINC,2019-02-28T13:58:00
United States,Disposable Personal Income,1965-04-30T00:00:00,498.974,Monthly,UNITEDSTADISPERINC,2019-02-28T13:58:00
United States,Disposable Personal Income,1965-05-31T00:00:00,505.632,Monthly,UNITEDSTADISPERINC,2019-02-28T13:58:00
United States,Disposable Personal Income,1965-06-30T00:00:00,507.841,Monthly,UNITEDSTADISPERINC,2019-02-28T13:58:00
United States,Disposable Personal Income,1965-07-31T00:00:00,513.513,Monthly,UNITEDSTADISPERINC,2019-02-28T13:58:00
United States,Disposable Personal Income,1965-08-31T00:00:00,516.175,Monthly,UNITEDSTADISPERINC,2019-02-28T13:58:00
United States,Disposable Personal Income,1965-09-30T00:00:00,529.899,Monthly,UNITEDSTADISPERINC,2019-02-28T13:58:00
United States,Disposable Personal Income,1965-10-31T00:00:00,527.494,Monthly,UNITEDSTADISPERINC,2019-02-28T13:58:00
United States,Disposable Personal Income,1965-11-30T00:00:00,532.12,Monthly,UNITEDSTADISPERINC,2019-02-28T13:58:00
United States,Disposable Personal Income,1965-12-31T00:00:00,536.252,Monthly,UNITEDSTADISPERINC,2019-02-28T13:58:00
United States,Disposable Personal Income,1966-01-31T00:00:00,537.246,Monthly,UNITEDSTADISPERINC,2019-02-28T13:58:00
United States,Disposable Personal Income,1966-02-28T00:00:00,541.72,Monthly,UNITEDSTADISPERINC,2019-02-28T13:58:00
United States,Disposable Personal Income,1966-03-31T00:00:00,545.16,Monthly,UNITEDSTADISPERINC,2019-02-28T13:58:00
United States,Disposable Personal Income,1966-04-30T00:00:00,544.994,Monthly,UNITEDSTADISPERINC,2019-02-28T13:58:00
United States,Disposable Personal Income,1966-05-31T00:00:00,546.546,Monthly,UNITEDSTADISPERINC,2019-02-28T13:58:00
United States,Disposable Personal Income,1966-06-30T00:00:00,550.186,Monthly,UNITEDSTADISPERINC,2019-02-28T13:58:00
United States,Disposable Personal Income,1966-07-31T00:00:00,553.148,Monthly,UNITEDSTADISPERINC,2019-02-28T13:58:00
United States,Disposable Personal Income,1966-08-31T00:00:00,558.126,Monthly,UNITEDSTADISPERINC,2019-02-28T13:58:00
United States,Disposable Personal Income,1966-09-30T00:00:00,563.222,Monthly,UNITEDSTADISPERINC,2019-02-28T13:58:00
United States,Disposable Personal Income,1966-10-31T00:00:00,566.531,Monthly,UNITEDSTADISPERINC,2019-02-28T13:58:00
United States,Disposable Personal Income,1966-11-30T00:00:00,569.988,Monthly,UNITEDSTADISPERINC,2019-02-28T13:58:00
United States,Disposable Personal Income,1966-12-31T00:00:00,570.668,Monthly,UNITEDSTADISPERINC,2019-02-28T13:58:00
United States,Disposable Personal Income,1967-01-31T00:00:00,576.569,Monthly,UNITEDSTADISPERINC,2019-02-28T13:58:00
United States,Disposable Personal Income,1967-02-28T00:00:00,578.367,Monthly,UNITEDSTADISPERINC,2019-02-28T13:58:00
United States,Disposable Personal Income,1967-03-31T00:00:00,583.031,Monthly,UNITEDSTADISPERINC,2019-02-28T13:58:00
United States,Disposable Personal Income,1967-04-30T00:00:00,583.812,Monthly,UNITEDSTADISPERINC,2019-02-28T13:58:00
United States,Disposable Personal Income,1967-05-31T00:00:00,586.116,Monthly,UNITEDSTADISPERINC,2019-02-28T13:58:00
United States,Disposable Personal Income,1967-06-30T00:00:00,590.161,Monthly,UNITEDSTADISPERINC,2019-02-28T13:58:00
United States,Disposable Personal Income,1967-07-31T00:00:00,594.504,Monthly,UNITEDSTADISPERINC,2019-02-28T13:58:00
United States,Disposable Personal Income,1967-08-31T00:00:00,598.51,Monthly,UNITEDSTADISPERINC,2019-02-28T13:58:00
United States,Disposable Personal Income,1967-09-30T00:00:00,600.242,Monthly,UNITEDSTADISPERINC,2019-02-28T13:58:00
United States,Disposable Personal Income,1967-10-31T00:00:00,602.828,Monthly,UNITEDSTADISPERINC,2019-02-28T13:58:00
United States,Disposable Personal Income,1967-11-30T00:00:00,608.473,Monthly,UNITEDSTADISPERINC,2019-02-28T13:58:00
United States,Disposable Personal Income,1967-12-31T00:00:00,610.541,Monthly,UNITEDSTADISPERINC,2019-02-28T13:58:00
United States,Disposable Personal Income,1968-01-31T00:00:00,616.652,Monthly,UNITEDSTADISPERINC,2019-02-28T13:58:00
United States,Disposable Personal Income,1968-02-29T00:00:00,623.645,Monthly,UNITEDSTADISPERINC,2019-02-28T13:58:00
United States,Disposable Personal Income,1968-03-31T00:00:00,631.566,Monthly,UNITEDSTADISPERINC,2019-02-28T13:58:00
United States,Disposable Personal Income,1968-04-30T00:00:00,635.73,Monthly,UNITEDSTADISPERINC,2019-02-28T13:58:00
United States,Disposable Personal Income,1968-05-31T00:00:00,640.696,Monthly,UNITEDSTADISPERINC,2019-02-28T13:58:00
United States,Disposable Personal Income,1968-06-30T00:00:00,645.64,Monthly,UNITEDSTADISPERINC,2019-02-28T13:58:00
United States,Disposable Personal Income,1968-07-31T00:00:00,646.288,Monthly,UNITEDSTADISPERINC,2019-02-28T13:58:00
United States,Disposable Personal Income,1968-08-31T00:00:00,649.762,Monthly,UNITEDSTADISPERINC,2019-02-28T13:58:00
United States,Disposable Personal Income,1968-09-30T00:00:00,652.118,Monthly,UNITEDSTADISPERINC,2019-02-28T13:58:00
United States,Disposable Personal Income,1968-10-31T00:00:00,657.306,Monthly,UNITEDSTADISPERINC,2019-02-28T13:58:00
United States,Disposable Personal Income,1968-11-30T00:00:00,662.007,Monthly,UNITEDSTADISPERINC,2019-02-28T13:58:00
United States,Disposable Personal Income,1968-12-31T00:00:00,665.681,Monthly,UNITEDSTADISPERINC,2019-02-28T13:58:00
United States,Disposable Personal Income,1969-01-31T00:00:00,667.082,Monthly,UNITEDSTADISPERINC,2019-02-28T13:58:00
United States,Disposable Personal Income,1969-02-28T00:00:00,668.91,Monthly,UNITEDSTADISPERINC,2019-02-28T13:58:00
United States,Disposable Personal Income,1969-03-31T00:00:00,673.277,Monthly,UNITEDSTADISPERINC,2019-02-28T13:58:00
United States,Disposable Personal Income,1969-04-30T00:00:00,675.257,Monthly,UNITEDSTADISPERINC,2019-02-28T13:58:00
United States,Disposable Personal Income,1969-05-31T00:00:00,685.706,Monthly,UNITEDSTADISPERINC,2019-02-28T13:58:00
United States,Disposable Personal Income,1969-06-30T00:00:00,693.887,Monthly,UNITEDSTADISPERINC,2019-02-28T13:58:00
United States,Disposable Personal Income,1969-07-31T00:00:00,701.796,Monthly,UNITEDSTADISPERINC,2019-02-28T13:58:00
United States,Disposable Personal Income,1969-08-31T00:00:00,708.058,Monthly,UNITEDSTADISPERINC,2019-02-28T13:58:00
United States,Disposable Personal Income,1969-09-30T00:00:00,712.586,Monthly,UNITEDSTADISPERINC,2019-02-28T13:58:00
United States,Disposable Personal Income,1969-10-31T00:00:00,716.712,Monthly,UNITEDSTADISPERINC,2019-02-28T13:58:00
United States,Disposable Personal Income,1969-11-30T00:00:00,721.045,Monthly,UNITEDSTADISPERINC,2019-02-28T13:58:00
United States,Disposable Personal Income,1969-12-31T00:00:00,725.656,Monthly,UNITEDSTADISPERINC,2019-02-28T13:58:00
United States,Disposable Personal Income,1970-01-31T00:00:00,732.122,Monthly,UNITEDSTADISPERINC,2019-02-28T13:58:00
United States,Disposable Personal Income,1970-02-28T00:00:00,737.361,Monthly,UNITEDSTADISPERINC,2019-02-28T13:58:00
United States,Disposable Personal Income,1970-03-31T00:00:00,742.022,Monthly,UNITEDSTADISPERINC,2019-02-28T13:58:00
United States,Disposable Personal Income,1970-04-30T00:00:00,753.803,Monthly,UNITEDSTADISPERINC,2019-02-28T13:58:00
United States,Disposable Personal Income,1970-05-31T00:00:00,753.13,Monthly,UNITEDSTADISPERINC,2019-02-28T13:58:00
United States,Disposable Personal Income,1970-06-30T00:00:00,756.629,Monthly,UNITEDSTADISPERINC,2019-02-28T13:58:00
United States,Disposable Personal Income,1970-07-31T00:00:00,770.15,Monthly,UNITEDSTADISPERINC,2019-02-28T13:58:00
United States,Disposable Personal Income,1970-08-31T00:00:00,774.645,Monthly,UNITEDSTADISPERINC,2019-02-28T13:58:00
United States,Disposable Personal Income,1970-09-30T00:00:00,777.272,Monthly,UNITEDSTADISPERINC,2019-02-28T13:58:00
United States,Disposable Personal Income,1970-10-31T00:00:00,778.584,Monthly,UNITEDSTADISPERINC,2019-02-28T13:58:00
United States,Disposable Personal Income,1970-11-30T00:00:00,780.473,Monthly,UNITEDSTADISPERINC,2019-02-28T13:58:00
United States,Disposable Personal Income,1970-12-31T00:00:00,787.503,Monthly,UNITEDSTADISPERINC,2019-02-28T13:58:00
United States,Disposable Personal Income,1971-01-31T00:00:00,801.268,Monthly,UNITEDSTADISPERINC,2019-02-28T13:58:00
United States,Disposable Personal Income,1971-02-28T00:00:00,804.695,Monthly,UNITEDSTADISPERINC,2019-02-28T13:58:00
United States,Disposable Personal Income,1971-03-31T00:00:00,810.021,Monthly,UNITEDSTADISPERINC,2019-02-28T13:58:00
United States,Disposable Personal Income,1971-04-30T00:00:00,814.861,Monthly,UNITEDSTADISPERINC,2019-02-28T13:58:00
United States,Disposable Personal Income,1971-05-31T00:00:00,821.552,Monthly,UNITEDSTADISPERINC,2019-02-28T13:58:00
United States,Disposable Personal Income,1971-06-30T00:00:00,842.642,Monthly,UNITEDSTADISPERINC,2019-02-28T13:58:00
United States,Disposable Personal Income,1971-07-31T00:00:00,833.166,Monthly,UNITEDSTADISPERINC,2019-02-28T13:58:00
United States,Disposable Personal Income,1971-08-31T00:00:00,838.514,Monthly,UNITEDSTADISPERINC,2019-02-28T13:58:00
United States,Disposable Personal Income,1971-09-30T00:00:00,844.744,Monthly,UNITEDSTADISPERINC,2019-02-28T13:58:00
United States,Disposable Personal Income,1971-10-31T00:00:00,848.767,Monthly,UNITEDSTADISPERINC,2019-02-28T13:58:00
United States,Disposable Personal Income,1971-11-30T00:00:00,852.513,Monthly,UNITEDSTADISPERINC,2019-02-28T13:58:00
United States,Disposable Personal Income,1971-12-31T00:00:00,860.212,Monthly,UNITEDSTADISPERINC,2019-02-28T13:58:00
United States,Disposable Personal Income,1972-01-31T00:00:00,859.354,Monthly,UNITEDSTADISPERINC,2019-02-28T13:58:00
United States,Disposable Personal Income,1972-02-29T00:00:00,868.023,Monthly,UNITEDSTADISPERINC,2019-02-28T13:58:00
United States,Disposable Personal Income,1972-03-31T00:00:00,872.881,Monthly,UNITEDSTADISPERINC,2019-02-28T13:58:00
United States,Disposable Personal Income,1972-04-30T00:00:00,873.865,Monthly,UNITEDSTADISPERINC,2019-02-28T13:58:00
United States,Disposable Personal Income,1972-05-31T00:00:00,882.212,Monthly,UNITEDSTADISPERINC,2019-02-28T13:58:00
United States,Disposable Personal Income,1972-06-30T00:00:00,886.371,Monthly,UNITEDSTADISPERINC,2019-02-28T13:58:00
United States,Disposable Personal Income,1972-07-31T00:00:00,895.998,Monthly,UNITEDSTADISPERINC,2019-02-28T13:58:00
United States,Disposable Personal Income,1972-08-31T00:00:00,906.969,Monthly,UNITEDSTADISPERINC,2019-02-28T13:58:00
United States,Disposable Personal Income,1972-09-30T00:00:00,914.562,Monthly,UNITEDSTADISPERINC,2019-02-28T13:58:00
United States,Disposable Personal Income,1972-10-31T00:00:00,938.584,Monthly,UNITEDSTADISPERINC,2019-02-28T13:58:00
United States,Disposable Personal Income,1972-11-30T00:00:00,951.847,Monthly,UNITEDSTADISPERINC,2019-02-28T13:58:00
United States,Disposable Personal Income,1972-12-31T00:00:00,959.153,Monthly,UNITEDSTADISPERINC,2019-02-28T13:58:00
United States,Disposable Personal Income,1973-01-31T00:00:00,957.068,Monthly,UNITEDSTADISPERINC,2019-02-28T13:58:00
United States,Disposable Personal Income,1973-02-28T00:00:00,969.259,Monthly,UNITEDSTADISPERINC,2019-02-28T13:58:00
United States,Disposable Personal Income,1973-03-31T00:00:00,979.71,Monthly,UNITEDSTADISPERINC,2019-02-28T13:58:00
United States,Disposable Personal Income,1973-04-30T00:00:00,988.315,Monthly,UNITEDSTADISPERINC,2019-02-28T13:58:00
United States,Disposable Personal Income,1973-05-31T00:00:00,995.028,Monthly,UNITEDSTADISPERINC,2019-02-28T13:58:00
United States,Disposable Personal Income,1973-06-30T00:00:00,1003.694,Monthly,UNITEDSTADISPERINC,2019-02-28T13:58:00
United States,Disposable Personal Income,1973-07-31T00:00:00,1009.789,Monthly,UNITEDSTADISPERINC,2019-02-28T13:58:00
United States,Disposable Personal Income,1973-08-31T00:00:00,1018.107,Monthly,UNITEDSTADISPERINC,2019-02-28T13:58:00
United States,Disposable Personal Income,1973-09-30T00:00:00,1027.397,Monthly,UNITEDSTADISPERINC,2019-02-28T13:58:00
United States,Disposable Personal Income,1973-10-31T00:00:00,1042.296,Monthly,UNITEDSTADISPERINC,2019-02-28T13:58:00
United States,Disposable Personal Income,1973-11-30T00:00:00,1052.525,Monthly,UNITEDSTADISPERINC,2019-02-28T13:58:00
United States,Disposable Personal Income,1973-12-31T00:00:00,1057.28,Monthly,UNITEDSTADISPERINC,2019-02-28T13:58:00
United States,Disposable Personal Income,1974-01-31T00:00:00,1059.64,Monthly,UNITEDSTADISPERINC,2019-02-28T13:58:00
United States,Disposable Personal Income,1974-02-28T00:00:00,1063.895,Monthly,UNITEDSTADISPERINC,2019-02-28T13:58:00
United States,Disposable Personal Income,1974-03-31T00:00:00,1068.567,Monthly,UNITEDSTADISPERINC,2019-02-28T13:58:00
United States,Disposable Personal Income,1974-04-30T00:00:00,1075.331,Monthly,UNITEDSTADISPERINC,2019-02-28T13:58:00
United States,Disposable Personal Income,1974-05-31T00:00:00,1084.828,Monthly,UNITEDSTADISPERINC,2019-02-28T13:58:00
United States,Disposable Personal Income,1974-06-30T00:00:00,1091.797,Monthly,UNITEDSTADISPERINC,2019-02-28T13:58:00
United States,Disposable Personal Income,1974-07-31T00:00:00,1104.06,Monthly,UNITEDSTADISPERINC,2019-02-28T13:58:00
United States,Disposable Personal Income,1974-08-31T00:00:00,1114.057,Monthly,UNITEDSTADISPERINC,2019-02-28T13:58:00
United States,Disposable Personal Income,1974-09-30T00:00:00,1124.452,Monthly,UNITEDSTADISPERINC,2019-02-28T13:58:00
United States,Disposable Personal Income,1974-10-31T00:00:00,1136.224,Monthly,UNITEDSTADISPERINC,2019-02-28T13:58:00
United States,Disposable Personal Income,1974-11-30T00:00:00,1138.624,Monthly,UNITEDSTADISPERINC,2019-02-28T13:58:00
United States,Disposable Personal Income,1974-12-31T00:00:00,1147.757,Monthly,UNITEDSTADISPERINC,2019-02-28T13:58:00
United States,Disposable Personal Income,1975-01-31T00:00:00,1154.179,Monthly,UNITEDSTADISPERINC,2019-02-28T13:58:00
United States,Disposable Personal Income,1975-02-28T00:00:00,1161.094,Monthly,UNITEDSTADISPERINC,2019-02-28T13:58:00
United States,Disposable Personal Income,1975-03-31T00:00:00,1166.028,Monthly,UNITEDSTADISPERINC,2019-02-28T13:58:00
United States,Disposable Personal Income,1975-04-30T00:00:00,1191.35,Monthly,UNITEDSTADISPERINC,2019-02-28T13:58:00
United States,Disposable Personal Income,1975-05-31T00:00:00,1265.114,Monthly,UNITEDSTADISPERINC,2019-02-28T13:58:00
United States,Disposable Personal Income,1975-06-30T00:00:00,1230.201,Monthly,UNITEDSTADISPERINC,2019-02-28T13:58:00
United States,Disposable Personal Income,1975-07-31T00:00:00,1221.636,Monthly,UNITEDSTADISPERINC,2019-02-28T13:58:00
United States,Disposable Personal Income,1975-08-31T00:00:00,1235.078,Monthly,UNITEDSTADISPERINC,2019-02-28T13:58:00
United States,Disposable Personal Income,1975-09-30T00:00:00,1244.226,Monthly,UNITEDSTADISPERINC,2019-02-28T13:58:00
United States,Disposable Personal Income,1975-10-31T00:00:00,1256.668,Monthly,UNITEDSTADISPERINC,2019-02-28T13:58:00
United States,Disposable Personal Income,1975-11-30T00:00:00,1263.801,Monthly,UNITEDSTADISPERINC,2019-02-28T13:58:00
United States,Disposable Personal Income,1975-12-31T00:00:00,1272.028,Monthly,UNITEDSTADISPERINC,2019-02-28T13:58:00
United States,Disposable Personal Income,1976-01-31T00:00:00,1285.223,Monthly,UNITEDSTADISPERINC,2019-02-28T13:58:00
United States,Disposable Personal Income,1976-02-29T00:00:00,1294.887,Monthly,UNITEDSTADISPERINC,2019-02-28T13:58:00
United States,Disposable Personal Income,1976-03-31T00:00:00,1300.718,Monthly,UNITEDSTADISPERINC,2019-02-28T13:58:00
United States,Disposable Personal Income,1976-04-30T00:00:00,1305.394,Monthly,UNITEDSTADISPERINC,2019-02-28T13:58:00
United States,Disposable Personal Income,1976-05-31T00:00:00,1311.65,Monthly,UNITEDSTADISPERINC,2019-02-28T13:58:00
United States,Disposable Personal Income,1976-06-30T00:00:00,1318.657,Monthly,UNITEDSTADISPERINC,2019-02-28T13:58:00
United States,Disposable Personal Income,1976-07-31T00:00:00,1332.927,Monthly,UNITEDSTADISPERINC,2019-02-28T13:58:00
United States,Disposable Personal Income,1976-08-31T00:00:00,1343.008,Monthly,UNITEDSTADISPERINC,2019-02-28T13:58:00
United States,Disposable Personal Income,1976-09-30T00:00:00,1350.841,Monthly,UNITEDSTADISPERINC,2019-02-28T13:58:00
United States,Disposable Personal Income,1976-10-31T00:00:00,1355.544,Monthly,UNITEDSTADISPERINC,2019-02-28T13:58:00
United States,Disposable Personal Income,1976-11-30T00:00:00,1373.956,Monthly,UNITEDSTADISPERINC,2019-02-28T13:58:00
United States,Disposable Personal Income,1976-12-31T00:00:00,1386.916,Monthly,UNITEDSTADISPERINC,2019-02-28T13:58:00
United States,Disposable Personal Income,1977-01-31T00:00:00,1392.164,Monthly,UNITEDSTADISPERINC,2019-02-28T13:58:00
United States,Disposable Personal Income,1977-02-28T00:00:00,1390.658,Monthly,UNITEDSTADISPERINC,2019-02-28T13:58:00
United States,Disposable Personal Income,1977-03-31T00:00:00,1417.224,Monthly,UNITEDSTADISPERINC,2019-02-28T13:58:00
United States,Disposable Personal Income,1977-04-30T00:00:00,1427.65,Monthly,UNITEDSTADISPERINC,2019-02-28T13:58:00
United States,Disposable Personal Income,1977-05-31T00:00:00,1435.157,Monthly,UNITEDSTADISPERINC,2019-02-28T13:58:00
United States,Disposable Personal Income,1977-06-30T00:00:00,1449.182,Monthly,UNITEDSTADISPERINC,2019-02-28T13:58:00
United States,Disposable Personal Income,1977-07-31T00:00:00,1466.108,Monthly,UNITEDSTADISPERINC,2019-02-28T13:58:00
United States,Disposable Personal Income,1977-08-31T00:00:00,1478.906,Monthly,UNITEDSTADISPERINC,2019-02-28T13:58:00
United States,Disposable Personal Income,1977-09-30T00:00:00,1492.575,Monthly,UNITEDSTADISPERINC,2019-02-28T13:58:00
United States,Disposable Personal Income,1977-10-31T00:00:00,1510.394,Monthly,UNITEDSTADISPERINC,2019-02-28T13:58:00
United States,Disposable Personal Income,1977-11-30T00:00:00,1531.206,Monthly,UNITEDSTADISPERINC,2019-02-28T13:58:00
United States,Disposable Personal Income,1977-12-31T00:00:00,1545.04,Monthly,UNITEDSTADISPERINC,2019-02-28T13:58:00
United States,Disposable Personal Income,1978-01-31T00:00:00,1547.386,Monthly,UNITEDSTADISPERINC,2019-02-28T13:58:00
United States,Disposable Personal Income,1978-02-28T00:00:00,1563.82,Monthly,UNITEDSTADISPERINC,2019-02-28T13:58:00
United States,Disposable Personal Income,1978-03-31T00:00:00,1587.058,Monthly,UNITEDSTADISPERINC,2019-02-28T13:58:00
United States,Disposable Personal Income,1978-04-30T00:00:00,1604.639,Monthly,UNITEDSTADISPERINC,2019-02-28T13:58:00
United States,Disposable Personal Income,1978-05-31T00:00:00,1615.069,Monthly,UNITEDSTADISPERINC,2019-02-28T13:58:00
United States,Disposable Personal Income,1978-06-30T00:00:00,1625.728,Monthly,UNITEDSTADISPERINC,2019-02-28T13:58:00
United States,Disposable Personal Income,1978-07-31T00:00:00,1642.807,Monthly,UNITEDSTADISPERINC,2019-02-28T13:58:00
United States,Disposable Personal Income,1978-08-31T00:00:00,1658.079,Monthly,UNITEDSTADISPERINC,2019-02-28T13:58:00
United States,Disposable Personal Income,1978-09-30T00:00:00,1668.047,Monthly,UNITEDSTADISPERINC,2019-02-28T13:58:00
United States,Disposable Personal Income,1978-10-31T00:00:00,1685.842,Monthly,UNITEDSTADISPERINC,2019-02-28T13:58:00
United States,Disposable Personal Income,1978-11-30T00:00:00,1696.958,Monthly,UNITEDSTADISPERINC,2019-02-28T13:58:00
United States,Disposable Personal Income,1978-12-31T00:00:00,1713.425,Monthly,UNITEDSTADISPERINC,2019-02-28T13:58:00
United States,Disposable Personal Income,1979-01-31T00:00:00,1734.704,Monthly,UNITEDSTADISPERINC,2019-02-28T13:58:00
United States,Disposable Personal Income,1979-02-28T00:00:00,1751.075,Monthly,UNITEDSTADISPERINC,2019-02-28T13:58:00
United States,Disposable Personal Income,1979-03-31T00:00:00,1769.499,Monthly,UNITEDSTADISPERINC,2019-02-28T13:58:00
United States,Disposable Personal Income,1979-04-30T00:00:00,1773.372,Monthly,UNITEDSTADISPERINC,2019-02-28T13:58:00
United States,Disposable Personal Income,1979-05-31T00:00:00,1783.439,Monthly,UNITEDSTADISPERINC,2019-02-28T13:58:00
United States,Disposable Personal Income,1979-06-30T00:00:00,1793.429,Monthly,UNITEDSTADISPERINC,2019-02-28T13:58:00
United States,Disposable Personal Income,1979-07-31T00:00:00,1820.17,Monthly,UNITEDSTADISPERINC,2019-02-28T13:58:00
United States,Disposable Personal Income,1979-08-31T00:00:00,1836.682,Monthly,UNITEDSTADISPERINC,2019-02-28T13:58:00
United States,Disposable Personal Income,1979-09-30T00:00:00,1851.216,Monthly,UNITEDSTADISPERINC,2019-02-28T13:58:00
United States,Disposable Personal Income,1979-10-31T00:00:00,1865.19,Monthly,UNITEDSTADISPERINC,2019-02-28T13:58:00
United States,Disposable Personal Income,1979-11-30T00:00:00,1883.294,Monthly,UNITEDSTADISPERINC,2019-02-28T13:58:00
United States,Disposable Personal Income,1979-12-31T00:00:00,1903.002,Monthly,UNITEDSTADISPERINC,2019-02-28T13:58:00
United States,Disposable Personal Income,1980-01-31T00:00:00,1936.263,Monthly,UNITEDSTADISPERINC,2019-02-28T13:58:00
United States,Disposable Personal Income,1980-02-29T00:00:00,1946.792,Monthly,UNITEDSTADISPERINC,2019-02-28T13:58:00
United States,Disposable Personal Income,1980-03-31T00:00:00,1958.296,Monthly,UNITEDSTADISPERINC,2019-02-28T13:58:00
United States,Disposable Personal Income,1980-04-30T00:00:00,1966.343,Monthly,UNITEDSTADISPERINC,2019-02-28T13:58:00
United States,Disposable Personal Income,1980-05-31T00:00:00,1974.34,Monthly,UNITEDSTADISPERINC,2019-02-28T13:58:00
United States,Disposable Personal Income,1980-06-30T00:00:00,1991.146,Monthly,UNITEDSTADISPERINC,2019-02-28T13:58:00
United States,Disposable Personal Income,1980-07-31T00:00:00,2024.27,Monthly,UNITEDSTADISPERINC,2019-02-28T13:58:00
United States,Disposable Personal Income,1980-08-31T00:00:00,2043.396,Monthly,UNITEDSTADISPERINC,2019-02-28T13:58:00
United States,Disposable Personal Income,1980-09-30T00:00:00,2071.224,Monthly,UNITEDSTADISPERINC,2019-02-28T13:58:00
United States,Disposable Personal Income,1980-10-31T00:00:00,2104.314,Monthly,UNITEDSTADISPERINC,2019-02-28T13:58:00
United States,Disposable Personal Income,1980-11-30T00:00:00,2124.716,Monthly,UNITEDSTADISPERINC,2019-02-28T13:58:00
United States,Disposable Personal Income,1980-12-31T00:00:00,2148.509,Monthly,UNITEDSTADISPERINC,2019-02-28T13:58:00
United States,Disposable Personal Income,1981-01-31T00:00:00,2160.783,Monthly,UNITEDSTADISPERINC,2019-02-28T13:58:00
United States,Disposable Personal Income,1981-02-28T00:00:00,2175.913,Monthly,UNITEDSTADISPERINC,2019-02-28T13:58:00
United States,Disposable Personal Income,1981-03-31T00:00:00,2197.284,Monthly,UNITEDSTADISPERINC,2019-02-28T13:58:00
United States,Disposable Personal Income,1981-04-30T00:00:00,2200.691,Monthly,UNITEDSTADISPERINC,2019-02-28T13:58:00
United States,Disposable Personal Income,1981-05-31T00:00:00,2214.862,Monthly,UNITEDSTADISPERINC,2019-02-28T13:58:00
United States,Disposable Personal Income,1981-06-30T00:00:00,2235.849,Monthly,UNITEDSTADISPERINC,2019-02-28T13:58:00
United States,Disposable Personal Income,1981-07-31T00:00:00,2284.844,Monthly,UNITEDSTADISPERINC,2019-02-28T13:58:00
United States,Disposable Personal Income,1981-08-31T00:00:00,2305.919,Monthly,UNITEDSTADISPERINC,2019-02-28T13:58:00
United States,Disposable Personal Income,1981-09-30T00:00:00,2315.903,Monthly,UNITEDSTADISPERINC,2019-02-28T13:58:00
United States,Disposable Personal Income,1981-10-31T00:00:00,2329.376,Monthly,UNITEDSTADISPERINC,2019-02-28T13:58:00
United States,Disposable Personal Income,1981-11-30T00:00:00,2343.259,Monthly,UNITEDSTADISPERINC,2019-02-28T13:58:00
United States,Disposable Personal Income,1981-12-31T00:00:00,2347.365,Monthly,UNITEDSTADISPERINC,2019-02-28T13:58:00
United States,Disposable Personal Income,1982-01-31T00:00:00,2364.388,Monthly,UNITEDSTADISPERINC,2019-02-28T13:58:00
United States,Disposable Personal Income,1982-02-28T00:00:00,2377.949,Monthly,UNITEDSTADISPERINC,2019-02-28T13:58:00
United States,Disposable Personal Income,1982-03-31T00:00:00,2383.632,Monthly,UNITEDSTADISPERINC,2019-02-28T13:58:00
United States,Disposable Personal Income,1982-04-30T00:00:00,2408.444,Monthly,UNITEDSTADISPERINC,2019-02-28T13:58:00
United States,Disposable Personal Income,1982-05-31T00:00:00,2412.545,Monthly,UNITEDSTADISPERINC,2019-02-28T13:58:00
United States,Disposable Personal Income,1982-06-30T00:00:00,2416.651,Monthly,UNITEDSTADISPERINC,2019-02-28T13:58:00
United States,Disposable Personal Income,1982-07-31T00:00:00,2452.919,Monthly,UNITEDSTADISPERINC,2019-02-28T13:58:00
United States,Disposable Personal Income,1982-08-31T00:00:00,2464.172,Monthly,UNITEDSTADISPERINC,2019-02-28T13:58:00
United States,Disposable Personal Income,1982-09-30T00:00:00,2469.865,Monthly,UNITEDSTADISPERINC,2019-02-28T13:58:00
United States,Disposable Personal Income,1982-10-31T00:00:00,2480.787,Monthly,UNITEDSTADISPERINC,2019-02-28T13:58:00
United States,Disposable Personal Income,1982-11-30T00:00:00,2497.749,Monthly,UNITEDSTADISPERINC,2019-02-28T13:58:00
United States,Disposable Personal Income,1982-12-31T00:00:00,2513.147,Monthly,UNITEDSTADISPERINC,2019-02-28T13:58:00
United States,Disposable Personal Income,1983-01-31T00:00:00,2533.125,Monthly,UNITEDSTADISPERINC,2019-02-28T13:58:00
United States,Disposable Personal Income,1983-02-28T00:00:00,2538.12,Monthly,UNITEDSTADISPERINC,2019-02-28T13:58:00
United States,Disposable Personal Income,1983-03-31T00:00:00,2553.333,Monthly,UNITEDSTADISPERINC,2019-02-28T13:58:00
United States,Disposable Personal Income,1983-04-30T00:00:00,2570.389,Monthly,UNITEDSTADISPERINC,2019-02-28T13:58:00
United States,Disposable Personal Income,1983-05-31T00:00:00,2582.751,Monthly,UNITEDSTADISPERINC,2019-02-28T13:58:00
United States,Disposable Personal Income,1983-06-30T00:00:00,2594.423,Monthly,UNITEDSTADISPERINC,2019-02-28T13:58:00
United States,Disposable Personal Income,1983-07-31T00:00:00,2641.95,Monthly,UNITEDSTADISPERINC,2019-02-28T13:58:00
United States,Disposable Personal Income,1983-08-31T00:00:00,2648.326,Monthly,UNITEDSTADISPERINC,2019-02-28T13:58:00
United States,Disposable Personal Income,1983-09-30T00:00:00,2676.985,Monthly,UNITEDSTADISPERINC,2019-02-28T13:58:00
United States,Disposable Personal Income,1983-10-31T00:00:00,2705.76,Monthly,UNITEDSTADISPERINC,2019-02-28T13:58:00
United States,Disposable Personal Income,1983-11-30T00:00:00,2733.273,Monthly,UNITEDSTADISPERINC,2019-02-28T13:58:00
United States,Disposable Personal Income,1983-12-31T00:00:00,2759.702,Monthly,UNITEDSTADISPERINC,2019-02-28T13:58:00
United States,Disposable Personal Income,1984-01-31T00:00:00,2784.728,Monthly,UNITEDSTADISPERINC,2019-02-28T13:58:00
United States,Disposable Personal Income,1984-02-29T00:00:00,2820.278,Monthly,UNITEDSTADISPERINC,2019-02-28T13:58:00
United States,Disposable Personal Income,1984-03-31T00:00:00,2848.321,Monthly,UNITEDSTADISPERINC,2019-02-28T13:58:00
United States,Disposable Personal Income,1984-04-30T00:00:00,2878.861,Monthly,UNITEDSTADISPERINC,2019-02-28T13:58:00
United States,Disposable Personal Income,1984-05-31T00:00:00,2886.972,Monthly,UNITEDSTADISPERINC,2019-02-28T13:58:00
United States,Disposable Personal Income,1984-06-30T00:00:00,2911.43,Monthly,UNITEDSTADISPERINC,2019-02-28T13:58:00
United States,Disposable Personal Income,1984-07-31T00:00:00,2925.582,Monthly,UNITEDSTADISPERINC,2019-02-28T13:58:00
United States,Disposable Personal Income,1984-08-31T00:00:00,2954.575,Monthly,UNITEDSTADISPERINC,2019-02-28T13:58:00
United States,Disposable Personal Income,1984-09-30T00:00:00,2979.639,Monthly,UNITEDSTADISPERINC,2019-02-28T13:58:00
United States,Disposable Personal Income,1984-10-31T00:00:00,2975.48,Monthly,UNITEDSTADISPERINC,2019-02-28T13:58:00
United States,Disposable Personal Income,1984-11-30T00:00:00,2992.531,Monthly,UNITEDSTADISPERINC,2019-02-28T13:58:00
United States,Disposable Personal Income,1984-12-31T00:00:00,3019.234,Monthly,UNITEDSTADISPERINC,2019-02-28T13:58:00
United States,Disposable Personal Income,1985-01-31T00:00:00,3033.291,Monthly,UNITEDSTADISPERINC,2019-02-28T13:58:00
United States,Disposable Personal Income,1985-02-28T00:00:00,3019.161,Monthly,UNITEDSTADISPERINC,2019-02-28T13:58:00
United States,Disposable Personal Income,1985-03-31T00:00:00,3016.911,Monthly,UNITEDSTADISPERINC,2019-02-28T13:58:00
United States,Disposable Personal Income,1985-04-30T00:00:00,3071.379,Monthly,UNITEDSTADISPERINC,2019-02-28T13:58:00
United States,Disposable Personal Income,1985-05-31T00:00:00,3153.704,Monthly,UNITEDSTADISPERINC,2019-02-28T13:58:00
United States,Disposable Personal Income,1985-06-30T00:00:00,3095.841,Monthly,UNITEDSTADISPERINC,2019-02-28T13:58:00
United States,Disposable Personal Income,1985-07-31T00:00:00,3110.006,Monthly,UNITEDSTADISPERINC,2019-02-28T13:58:00
United States,Disposable Personal Income,1985-08-31T00:00:00,3118.011,Monthly,UNITEDSTADISPERINC,2019-02-28T13:58:00
United States,Disposable Personal Income,1985-09-30T00:00:00,3136.629,Monthly,UNITEDSTADISPERINC,2019-02-28T13:58:00
United States,Disposable Personal Income,1985-10-31T00:00:00,3157.42,Monthly,UNITEDSTADISPERINC,2019-02-28T13:58:00
United States,Disposable Personal Income,1985-11-30T00:00:00,3171.392,Monthly,UNITEDSTADISPERINC,2019-02-28T13:58:00
United States,Disposable Personal Income,1985-12-31T00:00:00,3201.057,Monthly,UNITEDSTADISPERINC,2019-02-28T13:58:00
United States,Disposable Personal Income,1986-01-31T00:00:00,3221.53,Monthly,UNITEDSTADISPERINC,2019-02-28T13:58:00
United States,Disposable Personal Income,1986-02-28T00:00:00,3238.233,Monthly,UNITEDSTADISPERINC,2019-02-28T13:58:00
United States,Disposable Personal Income,1986-03-31T00:00:00,3264.165,Monthly,UNITEDSTADISPERINC,2019-02-28T13:58:00
United States,Disposable Personal Income,1986-04-30T00:00:00,3269.946,Monthly,UNITEDSTADISPERINC,2019-02-28T13:58:00
United States,Disposable Personal Income,1986-05-31T00:00:00,3279.199,Monthly,UNITEDSTADISPERINC,2019-02-28T13:58:00
United States,Disposable Personal Income,1986-06-30T00:00:00,3288.929,Monthly,UNITEDSTADISPERINC,2019-02-28T13:58:00
United States,Disposable Personal Income,1986-07-31T00:00:00,3306.963,Monthly,UNITEDSTADISPERINC,2019-02-28T13:58:00
United States,Disposable Personal Income,1986-08-31T00:00:00,3316.069,Monthly,UNITEDSTADISPERINC,2019-02-28T13:58:00
United States,Disposable Personal Income,1986-09-30T00:00:00,3329.97,Monthly,UNITEDSTADISPERINC,2019-02-28T13:58:00
United States,Disposable Personal Income,1986-10-31T00:00:00,3333.951,Monthly,UNITEDSTADISPERINC,2019-02-28T13:58:00
United States,Disposable Personal Income,1986-11-30T00:00:00,3342.049,Monthly,UNITEDSTADISPERINC,2019-02-28T13:58:00
United States,Disposable Personal Income,1986-12-31T00:00:00,3352.328,Monthly,UNITEDSTADISPERINC,2019-02-28T13:58:00
United States,Disposable Personal Income,1987-01-31T00:00:00,3380.945,Monthly,UNITEDSTADISPERINC,2019-02-28T13:58:00
United States,Disposable Personal Income,1987-02-28T00:00:00,3410.745,Monthly,UNITEDSTADISPERINC,2019-02-28T13:58:00
United States,Disposable Personal Income,1987-03-31T00:00:00,3424.082,Monthly,UNITEDSTADISPERINC,2019-02-28T13:58:00
United States,Disposable Personal Income,1987-04-30T00:00:00,3307.803,Monthly,UNITEDSTADISPERINC,2019-02-28T13:58:00
United States,Disposable Personal Income,1987-05-31T00:00:00,3450.639,Monthly,UNITEDSTADISPERINC,2019-02-28T13:58:00
United States,Disposable Personal Income,1987-06-30T00:00:00,3459.103,Monthly,UNITEDSTADISPERINC,2019-02-28T13:58:00
United States,Disposable Personal Income,1987-07-31T00:00:00,3476.664,Monthly,UNITEDSTADISPERINC,2019-02-28T13:58:00
United States,Disposable Personal Income,1987-08-31T00:00:00,3505.093,Monthly,UNITEDSTADISPERINC,2019-02-28T13:58:00
United States,Disposable Personal Income,1987-09-30T00:00:00,3516.952,Monthly,UNITEDSTADISPERINC,2019-02-28T13:58:00
United States,Disposable Personal Income,1987-10-31T00:00:00,3550.777,Monthly,UNITEDSTADISPERINC,2019-02-28T13:58:00
United States,Disposable Personal Income,1987-11-30T00:00:00,3571.364,Monthly,UNITEDSTADISPERINC,2019-02-28T13:58:00
United States,Disposable Personal Income,1987-12-31T00:00:00,3609.982,Monthly,UNITEDSTADISPERINC,2019-02-28T13:58:00
United States,Disposable Personal Income,1988-01-31T00:00:00,3631.607,Monthly,UNITEDSTADISPERINC,2019-02-28T13:58:00
United States,Disposable Personal Income,1988-02-29T00:00:00,3658.191,Monthly,UNITEDSTADISPERINC,2019-02-28T13:58:00
United States,Disposable Personal Income,1988-03-31T00:00:00,3685.73,Monthly,UNITEDSTADISPERINC,2019-02-28T13:58:00
United States,Disposable Personal Income,1988-04-30T00:00:00,3716.387,Monthly,UNITEDSTADISPERINC,2019-02-28T13:58:00
United States,Disposable Personal Income,1988-05-31T00:00:00,3732.401,Monthly,UNITEDSTADISPERINC,2019-02-28T13:58:00
United States,Disposable Personal Income,1988-06-30T00:00:00,3762.218,Monthly,UNITEDSTADISPERINC,2019-02-28T13:58:00
United States,Disposable Personal Income,1988-07-31T00:00:00,3796.322,Monthly,UNITEDSTADISPERINC,2019-02-28T13:58:00
United States,Disposable Personal Income,1988-08-31T00:00:00,3818.267,Monthly,UNITEDSTADISPERINC,2019-02-28T13:58:00
United States,Disposable Personal Income,1988-09-30T00:00:00,3844.299,Monthly,UNITEDSTADISPERINC,2019-02-28T13:58:00
United States,Disposable Personal Income,1988-10-31T00:00:00,3877.363,Monthly,UNITEDSTADISPERINC,2019-02-28T13:58:00
United States,Disposable Personal Income,1988-11-30T00:00:00,3887.66,Monthly,UNITEDSTADISPERINC,2019-02-28T13:58:00
United States,Disposable Personal Income,1988-12-31T00:00:00,3919.055,Monthly,UNITEDSTADISPERINC,2019-02-28T13:58:00
United States,Disposable Personal Income,1989-01-31T00:00:00,3956.052,Monthly,UNITEDSTADISPERINC,2019-02-28T13:58:00
United States,Disposable Personal Income,1989-02-28T00:00:00,3981.038,Monthly,UNITEDSTADISPERINC,2019-02-28T13:58:00
United States,Disposable Personal Income,1989-03-31T00:00:00,4015.969,Monthly,UNITEDSTADISPERINC,2019-02-28T13:58:00
United States,Disposable Personal Income,1989-04-30T00:00:00,4021.992,Monthly,UNITEDSTADISPERINC,2019-02-28T13:58:00
United States,Disposable Personal Income,1989-05-31T00:00:00,4018.182,Monthly,UNITEDSTADISPERINC,2019-02-28T13:58:00
United States,Disposable Personal Income,1989-06-30T00:00:00,4038.422,Monthly,UNITEDSTADISPERINC,2019-02-28T13:58:00
United States,Disposable Personal Income,1989-07-31T00:00:00,4062.275,Monthly,UNITEDSTADISPERINC,2019-02-28T13:58:00
United States,Disposable Personal Income,1989-08-31T00:00:00,4073.598,Monthly,UNITEDSTADISPERINC,2019-02-28T13:58:00
United States,Disposable Personal Income,1989-09-30T00:00:00,4094.891,Monthly,UNITEDSTADISPERINC,2019-02-28T13:58:00
United States,Disposable Personal Income,1989-10-31T00:00:00,4131.186,Monthly,UNITEDSTADISPERINC,2019-02-28T13:58:00
United States,Disposable Personal Income,1989-11-30T00:00:00,4144.157,Monthly,UNITEDSTADISPERINC,2019-02-28T13:58:00
United States,Disposable Personal Income,1989-12-31T00:00:00,4156.275,Monthly,UNITEDSTADISPERINC,2019-02-28T13:58:00
United States,Disposable Personal Income,1990-01-31T00:00:00,4212.37,Monthly,UNITEDSTADISPERINC,2019-02-28T13:58:00
United States,Disposable Personal Income,1990-02-28T00:00:00,4239.771,Monthly,UNITEDSTADISPERINC,2019-02-28T13:58:00
United States,Disposable Personal Income,1990-03-31T00:00:00,4256.872,Monthly,UNITEDSTADISPERINC,2019-02-28T13:58:00
United States,Disposable Personal Income,1990-04-30T00:00:00,4293.176,Monthly,UNITEDSTADISPERINC,2019-02-28T13:58:00
United States,Disposable Personal Income,1990-05-31T00:00:00,4297.72,Monthly,UNITEDSTADISPERINC,2019-02-28T13:58:00
United States,Disposable Personal Income,1990-06-30T00:00:00,4322.909,Monthly,UNITEDSTADISPERINC,2019-02-28T13:58:00
United States,Disposable Personal Income,1990-07-31T00:00:00,4348.67,Monthly,UNITEDSTADISPERINC,2019-02-28T13:58:00
United States,Disposable Personal Income,1990-08-31T00:00:00,4350.043,Monthly,UNITEDSTADISPERINC,2019-02-28T13:58:00
United States,Disposable Personal Income,1990-09-30T00:00:00,4374.644,Monthly,UNITEDSTADISPERINC,2019-02-28T13:58:00
United States,Disposable Personal Income,1990-10-31T00:00:00,4363.599,Monthly,UNITEDSTADISPERINC,2019-02-28T13:58:00
United States,Disposable Personal Income,1990-11-30T00:00:00,4370.218,Monthly,UNITEDSTADISPERINC,2019-02-28T13:58:00
United States,Disposable Personal Income,1990-12-31T00:00:00,4399.429,Monthly,UNITEDSTADISPERINC,2019-02-28T13:58:00
United States,Disposable Personal Income,1991-01-31T00:00:00,4403.537,Monthly,UNITEDSTADISPERINC,2019-02-28T13:58:00
United States,Disposable Personal Income,1991-02-28T00:00:00,4411.787,Monthly,UNITEDSTADISPERINC,2019-02-28T13:58:00
United States,Disposable Personal Income,1991-03-31T00:00:00,4419.753,Monthly,UNITEDSTADISPERINC,2019-02-28T13:58:00
United States,Disposable Personal Income,1991-04-30T00:00:00,4445.111,Monthly,UNITEDSTADISPERINC,2019-02-28T13:58:00
United States,Disposable Personal Income,1991-05-31T00:00:00,4464.337,Monthly,UNITEDSTADISPERINC,2019-02-28T13:58:00
United States,Disposable Personal Income,1991-06-30T00:00:00,4495.052,Monthly,UNITEDSTADISPERINC,2019-02-28T13:58:00
United States,Disposable Personal Income,1991-07-31T00:00:00,4493.448,Monthly,UNITEDSTADISPERINC,2019-02-28T13:58:00
United States,Disposable Personal Income,1991-08-31T00:00:00,4514.464,Monthly,UNITEDSTADISPERINC,2019-02-28T13:58:00
United States,Disposable Personal Income,1991-09-30T00:00:00,4542.568,Monthly,UNITEDSTADISPERINC,2019-02-28T13:58:00
United States,Disposable Personal Income,1991-10-31T00:00:00,4557.998,Monthly,UNITEDSTADISPERINC,2019-02-28T13:58:00
United States,Disposable Personal Income,1991-11-30T00:00:00,4575.306,Monthly,UNITEDSTADISPERINC,2019-02-28T13:58:00
United States,Disposable Personal Income,1991-12-31T00:00:00,4628.742,Monthly,UNITEDSTADISPERINC,2019-02-28T13:58:00
United States,Disposable Personal Income,1992-01-31T00:00:00,4681.137,Monthly,UNITEDSTADISPERINC,2019-02-28T13:58:00
United States,Disposable Personal Income,1992-02-29T00:00:00,4714.546,Monthly,UNITEDSTADISPERINC,2019-02-28T13:58:00
United States,Disposable Personal Income,1992-03-31T00:00:00,4731.086,Monthly,UNITEDSTADISPERINC,2019-02-28T13:58:00
United States,Disposable Personal Income,1992-04-30T00:00:00,4758.056,Monthly,UNITEDSTADISPERINC,2019-02-28T13:58:00
United States,Disposable Personal Income,1992-05-31T00:00:00,4787.249,Monthly,UNITEDSTADISPERINC,2019-02-28T13:58:00
United States,Disposable Personal Income,1992-06-30T00:00:00,4816.326,Monthly,UNITEDSTADISPERINC,2019-02-28T13:58:00
United States,Disposable Personal Income,1992-07-31T00:00:00,4829.015,Monthly,UNITEDSTADISPERINC,2019-02-28T13:58:00
United States,Disposable Personal Income,1992-08-31T00:00:00,4852.848,Monthly,UNITEDSTADISPERINC,2019-02-28T13:58:00
United States,Disposable Personal Income,1992-09-30T00:00:00,4838.33,Monthly,UNITEDSTADISPERINC,2019-02-28T13:58:00
United States,Disposable Personal Income,1992-10-31T00:00:00,4824.365,Monthly,UNITEDSTADISPERINC,2019-02-28T13:58:00
United States,Disposable Personal Income,1992-11-30T00:00:00,4841.269,Monthly,UNITEDSTADISPERINC,2019-02-28T13:58:00
United States,Disposable Personal Income,1992-12-31T00:00:00,5022.492,Monthly,UNITEDSTADISPERINC,2019-02-28T13:58:00
United States,Disposable Personal Income,1993-01-31T00:00:00,4924.909,Monthly,UNITEDSTADISPERINC,2019-02-28T13:58:00
United States,Disposable Personal Income,1993-02-28T00:00:00,4955.697,Monthly,UNITEDSTADISPERINC,2019-02-28T13:58:00
United States,Disposable Personal Income,1993-03-31T00:00:00,4950.427,Monthly,UNITEDSTADISPERINC,2019-02-28T13:58:00
United States,Disposable Personal Income,1993-04-30T00:00:00,4989.323,Monthly,UNITEDSTADISPERINC,2019-02-28T13:58:00
United States,Disposable Personal Income,1993-05-31T00:00:00,4997.535,Monthly,UNITEDSTADISPERINC,2019-02-28T13:58:00
United States,Disposable Personal Income,1993-06-30T00:00:00,4990.056,Monthly,UNITEDSTADISPERINC,2019-02-28T13:58:00
United States,Disposable Personal Income,1993-07-31T00:00:00,5010.638,Monthly,UNITEDSTADISPERINC,2019-02-28T13:58:00
United States,Disposable Personal Income,1993-08-31T00:00:00,5026.485,Monthly,UNITEDSTADISPERINC,2019-02-28T13:58:00
United States,Disposable Personal Income,1993-09-30T00:00:00,5018.031,Monthly,UNITEDSTADISPERINC,2019-02-28T13:58:00
United States,Disposable Personal Income,1993-10-31T00:00:00,5009.241,Monthly,UNITEDSTADISPERINC,2019-02-28T13:58:00
United States,Disposable Personal Income,1993-11-30T00:00:00,5032.581,Monthly,UNITEDSTADISPERINC,2019-02-28T13:58:00
United States,Disposable Personal Income,1993-12-31T00:00:00,5205.272,Monthly,UNITEDSTADISPERINC,2019-02-28T13:58:00
United States,Disposable Personal Income,1994-01-31T00:00:00,5109.437,Monthly,UNITEDSTADISPERINC,2019-02-28T13:58:00
United States,Disposable Personal Income,1994-02-28T00:00:00,5131.078,Monthly,UNITEDSTADISPERINC,2019-02-28T13:58:00
United States,Disposable Personal Income,1994-03-31T00:00:00,5162.255,Monthly,UNITEDSTADISPERINC,2019-02-28T13:58:00
United States,Disposable Personal Income,1994-04-30T00:00:00,5168.592,Monthly,UNITEDSTADISPERINC,2019-02-28T13:58:00
United States,Disposable Personal Income,1994-05-31T00:00:00,5235.787,Monthly,UNITEDSTADISPERINC,2019-02-28T13:58:00
United States,Disposable Personal Income,1994-06-30T00:00:00,5240.314,Monthly,UNITEDSTADISPERINC,2019-02-28T13:58:00
United States,Disposable Personal Income,1994-07-31T00:00:00,5261.159,Monthly,UNITEDSTADISPERINC,2019-02-28T13:58:00
United States,Disposable Personal Income,1994-08-31T00:00:00,5279.434,Monthly,UNITEDSTADISPERINC,2019-02-28T13:58:00
United States,Disposable Personal Income,1994-09-30T00:00:00,5308.342,Monthly,UNITEDSTADISPERINC,2019-02-28T13:58:00
United States,Disposable Personal Income,1994-10-31T00:00:00,5367.886,Monthly,UNITEDSTADISPERINC,2019-02-28T13:58:00
United States,Disposable Personal Income,1994-11-30T00:00:00,5377.978,Monthly,UNITEDSTADISPERINC,2019-02-28T13:58:00
United States,Disposable Personal Income,1994-12-31T00:00:00,5406.012,Monthly,UNITEDSTADISPERINC,2019-02-28T13:58:00
United States,Disposable Personal Income,1995-01-31T00:00:00,5434.457,Monthly,UNITEDSTADISPERINC,2019-02-28T13:58:00
United States,Disposable Personal Income,1995-02-28T00:00:00,5455.059,Monthly,UNITEDSTADISPERINC,2019-02-28T13:58:00
United States,Disposable Personal Income,1995-03-31T00:00:00,5480.257,Monthly,UNITEDSTADISPERINC,2019-02-28T13:58:00
United States,Disposable Personal Income,1995-04-30T00:00:00,5454.095,Monthly,UNITEDSTADISPERINC,2019-02-28T13:58:00
United States,Disposable Personal Income,1995-05-31T00:00:00,5517.826,Monthly,UNITEDSTADISPERINC,2019-02-28T13:58:00
United States,Disposable Personal Income,1995-06-30T00:00:00,5539.804,Monthly,UNITEDSTADISPERINC,2019-02-28T13:58:00
United States,Disposable Personal Income,1995-07-31T00:00:00,5559.158,Monthly,UNITEDSTADISPERINC,2019-02-28T13:58:00
United States,Disposable Personal Income,1995-08-31T00:00:00,5574.941,Monthly,UNITEDSTADISPERINC,2019-02-28T13:58:00
United States,Disposable Personal Income,1995-09-30T00:00:00,5597.004,Monthly,UNITEDSTADISPERINC,2019-02-28T13:58:00
United States,Disposable Personal Income,1995-10-31T00:00:00,5617.919,Monthly,UNITEDSTADISPERINC,2019-02-28T13:58:00
United States,Disposable Personal Income,1995-11-30T00:00:00,5633.222,Monthly,UNITEDSTADISPERINC,2019-02-28T13:58:00
United States,Disposable Personal Income,1995-12-31T00:00:00,5651.715,Monthly,UNITEDSTADISPERINC,2019-02-28T13:58:00
United States,Disposable Personal Income,1996-01-31T00:00:00,5672.018,Monthly,UNITEDSTADISPERINC,2019-02-28T13:58:00
United States,Disposable Personal Income,1996-02-29T00:00:00,5724.899,Monthly,UNITEDSTADISPERINC,2019-02-28T13:58:00
United States,Disposable Personal Income,1996-03-31T00:00:00,5760.739,Monthly,UNITEDSTADISPERINC,2019-02-28T13:58:00
United States,Disposable Personal Income,1996-04-30T00:00:00,5743.334,Monthly,UNITEDSTADISPERINC,2019-02-28T13:58:00
United States,Disposable Personal Income,1996-05-31T00:00:00,5826.153,Monthly,UNITEDSTADISPERINC,2019-02-28T13:58:00
United States,Disposable Personal Income,1996-06-30T00:00:00,5861.312,Monthly,UNITEDSTADISPERINC,2019-02-28T13:58:00
United States,Disposable Personal Income,1996-07-31T00:00:00,5858.413,Monthly,UNITEDSTADISPERINC,2019-02-28T13:58:00
United States,Disposable Personal Income,1996-08-31T00:00:00,5878.989,Monthly,UNITEDSTADISPERINC,2019-02-28T13:58:00
United States,Disposable Personal Income,1996-09-30T00:00:00,5909.486,Monthly,UNITEDSTADISPERINC,2019-02-28T13:58:00
United States,Disposable Personal Income,1996-10-31T00:00:00,5927.002,Monthly,UNITEDSTADISPERINC,2019-02-28T13:58:00
United States,Disposable Personal Income,1996-11-30T00:00:00,5953.791,Monthly,UNITEDSTADISPERINC,2019-02-28T13:58:00
United States,Disposable Personal Income,1996-12-31T00:00:00,5981.038,Monthly,UNITEDSTADISPERINC,2019-02-28T13:58:00
United States,Disposable Personal Income,1997-01-31T00:00:00,6005.953,Monthly,UNITEDSTADISPERINC,2019-02-28T13:58:00
United States,Disposable Personal Income,1997-02-28T00:00:00,6035.328,Monthly,UNITEDSTADISPERINC,2019-02-28T13:58:00
United States,Disposable Personal Income,1997-03-31T00:00:00,6070.407,Monthly,UNITEDSTADISPERINC,2019-02-28T13:58:00
United States,Disposable Personal Income,1997-04-30T00:00:00,6080.954,Monthly,UNITEDSTADISPERINC,2019-02-28T13:58:00
United States,Disposable Personal Income,1997-05-31T00:00:00,6104.839,Monthly,UNITEDSTADISPERINC,2019-02-28T13:58:00
United States,Disposable Personal Income,1997-06-30T00:00:00,6132.285,Monthly,UNITEDSTADISPERINC,2019-02-28T13:58:00
United States,Disposable Personal Income,1997-07-31T00:00:00,6159.146,Monthly,UNITEDSTADISPERINC,2019-02-28T13:58:00
United States,Disposable Personal Income,1997-08-31T00:00:00,6196.104,Monthly,UNITEDSTADISPERINC,2019-02-28T13:58:00
United States,Disposable Personal Income,1997-09-30T00:00:00,6227.322,Monthly,UNITEDSTADISPERINC,2019-02-28T13:58:00
United States,Disposable Personal Income,1997-10-31T00:00:00,6266.31,Monthly,UNITEDSTADISPERINC,2019-02-28T13:58:00
United States,Disposable Personal Income,1997-11-30T00:00:00,6307.107,Monthly,UNITEDSTADISPERINC,2019-02-28T13:58:00
United States,Disposable Personal Income,1997-12-31T00:00:00,6342.111,Monthly,UNITEDSTADISPERINC,2019-02-28T13:58:00
United States,Disposable Personal Income,1998-01-31T00:00:00,6400.998,Monthly,UNITEDSTADISPERINC,2019-02-28T13:58:00
United States,Disposable Personal Income,1998-02-28T00:00:00,6438.132,Monthly,UNITEDSTADISPERINC,2019-02-28T13:58:00
United States,Disposable Personal Income,1998-03-31T00:00:00,6476.112,Monthly,UNITEDSTADISPERINC,2019-02-28T13:58:00
United States,Disposable Personal Income,1998-04-30T00:00:00,6504.509,Monthly,UNITEDSTADISPERINC,2019-02-28T13:58:00
United States,Disposable Personal Income,1998-05-31T00:00:00,6540.035,Monthly,UNITEDSTADISPERINC,2019-02-28T13:58:00
United States,Disposable Personal Income,1998-06-30T00:00:00,6571.516,Monthly,UNITEDSTADISPERINC,2019-02-28T13:58:00
United States,Disposable Personal Income,1998-07-31T00:00:00,6599.368,Monthly,UNITEDSTADISPERINC,2019-02-28T13:58:00
United States,Disposable Personal Income,1998-08-31T00:00:00,6629.856,Monthly,UNITEDSTADISPERINC,2019-02-28T13:58:00
United States,Disposable Personal Income,1998-09-30T00:00:00,6645.553,Monthly,UNITEDSTADISPERINC,2019-02-28T13:58:00
United States,Disposable Personal Income,1998-10-31T00:00:00,6669.738,Monthly,UNITEDSTADISPERINC,2019-02-28T13:58:00
United States,Disposable Personal Income,1998-11-30T00:00:00,6697.58,Monthly,UNITEDSTADISPERINC,2019-02-28T13:58:00
United States,Disposable Personal Income,1998-12-31T00:00:00,6717.324,Monthly,UNITEDSTADISPERINC,2019-02-28T13:58:00
United States,Disposable Personal Income,1999-01-31T00:00:00,6754.929,Monthly,UNITEDSTADISPERINC,2019-02-28T13:58:00
United States,Disposable Personal Income,1999-02-28T00:00:00,6775.848,Monthly,UNITEDSTADISPERINC,2019-02-28T13:58:00
United States,Disposable Personal Income,1999-03-31T00:00:00,6788.044,Monthly,UNITEDSTADISPERINC,2019-02-28T13:58:00
United States,Disposable Personal Income,1999-04-30T00:00:00,6806.13,Monthly,UNITEDSTADISPERINC,2019-02-28T13:58:00
United States,Disposable Personal Income,1999-05-31T00:00:00,6822.484,Monthly,UNITEDSTADISPERINC,2019-02-28T13:58:00
United States,Disposable Personal Income,1999-06-30T00:00:00,6847.128,Monthly,UNITEDSTADISPERINC,2019-02-28T13:58:00
United States,Disposable Personal Income,1999-07-31T00:00:00,6872.917,Monthly,UNITEDSTADISPERINC,2019-02-28T13:58:00
United States,Disposable Personal Income,1999-08-31T00:00:00,6915.913,Monthly,UNITEDSTADISPERINC,2019-02-28T13:58:00
United States,Disposable Personal Income,1999-09-30T00:00:00,6935.797,Monthly,UNITEDSTADISPERINC,2019-02-28T13:58:00
United States,Disposable Personal Income,1999-10-31T00:00:00,6990.883,Monthly,UNITEDSTADISPERINC,2019-02-28T13:58:00
United States,Disposable Personal Income,1999-11-30T00:00:00,7047.449,Monthly,UNITEDSTADISPERINC,2019-02-28T13:58:00
United States,Disposable Personal Income,1999-12-31T00:00:00,7121.825,Monthly,UNITEDSTADISPERINC,2019-02-28T13:58:00
United States,Disposable Personal Income,2000-01-31T00:00:00,7198.138,Monthly,UNITEDSTADISPERINC,2019-02-28T13:58:00
United States,Disposable Personal Income,2000-02-29T00:00:00,7248.869,Monthly,UNITEDSTADISPERINC,2019-02-28T13:58:00
United States,Disposable Personal Income,2000-03-31T00:00:00,7298.417,Monthly,UNITEDSTADISPERINC,2019-02-28T13:58:00
United States,Disposable Personal Income,2000-04-30T00:00:00,7324.961,Monthly,UNITEDSTADISPERINC,2019-02-28T13:58:00
United States,Disposable Personal Income,2000-05-31T00:00:00,7358.793,Monthly,UNITEDSTADISPERINC,2019-02-28T13:58:00
United States,Disposable Personal Income,2000-06-30T00:00:00,7401.056,Monthly,UNITEDSTADISPERINC,2019-02-28T13:58:00
United States,Disposable Personal Income,2000-07-31T00:00:00,7455.644,Monthly,UNITEDSTADISPERINC,2019-02-28T13:58:00
United States,Disposable Personal Income,2000-08-31T00:00:00,7495.46,Monthly,UNITEDSTADISPERINC,2019-02-28T13:58:00
United States,Disposable Personal Income,2000-09-30T00:00:00,7528.66,Monthly,UNITEDSTADISPERINC,2019-02-28T13:58:00
United States,Disposable Personal Income,2000-10-31T00:00:00,7549.649,Monthly,UNITEDSTADISPERINC,2019-02-28T13:58:00
United States,Disposable Personal Income,2000-11-30T00:00:00,7556.382,Monthly,UNITEDSTADISPERINC,2019-02-28T13:58:00
United States,Disposable Personal Income,2000-12-31T00:00:00,7579.153,Monthly,UNITEDSTADISPERINC,2019-02-28T13:58:00
United States,Disposable Personal Income,2001-01-31T00:00:00,7658.405,Monthly,UNITEDSTADISPERINC,2019-02-28T13:58:00
United States,Disposable Personal Income,2001-02-28T00:00:00,7682.323,Monthly,UNITEDSTADISPERINC,2019-02-28T13:58:00
United States,Disposable Personal Income,2001-03-31T00:00:00,7705.5,Monthly,UNITEDSTADISPERINC,2019-02-28T13:58:00
United States,Disposable Personal Income,2001-04-30T00:00:00,7698.333,Monthly,UNITEDSTADISPERINC,2019-02-28T13:58:00
United States,Disposable Personal Income,2001-05-31T00:00:00,7700.867,Monthly,UNITEDSTADISPERINC,2019-02-28T13:58:00
United States,Disposable Personal Income,2001-06-30T00:00:00,7714.949,Monthly,UNITEDSTADISPERINC,2019-02-28T13:58:00
United States,Disposable Personal Income,2001-07-31T00:00:00,7826.097,Monthly,UNITEDSTADISPERINC,2019-02-28T13:58:00
United States,Disposable Personal Income,2001-08-31T00:00:00,7959.916,Monthly,UNITEDSTADISPERINC,2019-02-28T13:58:00
United States,Disposable Personal Income,2001-09-30T00:00:00,7875.552,Monthly,UNITEDSTADISPERINC,2019-02-28T13:58:00
United States,Disposable Personal Income,2001-10-31T00:00:00,7781.13,Monthly,UNITEDSTADISPERINC,2019-02-28T13:58:00
United States,Disposable Personal Income,2001-11-30T00:00:00,7793.887,Monthly,UNITEDSTADISPERINC,2019-02-28T13:58:00
United States,Disposable Personal Income,2001-12-31T00:00:00,7801.737,Monthly,UNITEDSTADISPERINC,2019-02-28T13:58:00
United States,Disposable Personal Income,2002-01-31T00:00:00,7962.436,Monthly,UNITEDSTADISPERINC,2019-02-28T13:58:00
United States,Disposable Personal Income,2002-02-28T00:00:00,7981.926,Monthly,UNITEDSTADISPERINC,2019-02-28T13:58:00
United States,Disposable Personal Income,2002-03-31T00:00:00,8003.625,Monthly,UNITEDSTADISPERINC,2019-02-28T13:58:00
United States,Disposable Personal Income,2002-04-30T00:00:00,8066.866,Monthly,UNITEDSTADISPERINC,2019-02-28T13:58:00
United States,Disposable Personal Income,2002-05-31T00:00:00,8099.53,Monthly,UNITEDSTADISPERINC,2019-02-28T13:58:00
United States,Disposable Personal Income,2002-06-30T00:00:00,8127.206,Monthly,UNITEDSTADISPERINC,2019-02-28T13:58:00
United States,Disposable Personal Income,2002-07-31T00:00:00,8117.68,Monthly,UNITEDSTADISPERINC,2019-02-28T13:58:00
United States,Disposable Personal Income,2002-08-31T00:00:00,8127.85,Monthly,UNITEDSTADISPERINC,2019-02-28T13:58:00
United States,Disposable Personal Income,2002-09-30T00:00:00,8145.447,Monthly,UNITEDSTADISPERINC,2019-02-28T13:58:00
United States,Disposable Personal Income,2002-10-31T00:00:00,8183.158,Monthly,UNITEDSTADISPERINC,2019-02-28T13:58:00
United States,Disposable Personal Income,2002-11-30T00:00:00,8215.65,Monthly,UNITEDSTADISPERINC,2019-02-28T13:58:00
United States,Disposable Personal Income,2002-12-31T00:00:00,8250.317,Monthly,UNITEDSTADISPERINC,2019-02-28T13:58:00
United States,Disposable Personal Income,2003-01-31T00:00:00,8272.982,Monthly,UNITEDSTADISPERINC,2019-02-28T13:58:00
United States,Disposable Personal Income,2003-02-28T00:00:00,8284.066,Monthly,UNITEDSTADISPERINC,2019-02-28T13:58:00
United States,Disposable Personal Income,2003-03-31T00:00:00,8324.261,Monthly,UNITEDSTADISPERINC,2019-02-28T13:58:00
United States,Disposable Personal Income,2003-04-30T00:00:00,8351.152,Monthly,UNITEDSTADISPERINC,2019-02-28T13:58:00
United States,Disposable Personal Income,2003-05-31T00:00:00,8403.582,Monthly,UNITEDSTADISPERINC,2019-02-28T13:58:00
United States,Disposable Personal Income,2003-06-30T00:00:00,8436.327,Monthly,UNITEDSTADISPERINC,2019-02-28T13:58:00
United States,Disposable Personal Income,2003-07-31T00:00:00,8561.958,Monthly,UNITEDSTADISPERINC,2019-02-28T13:58:00
United States,Disposable Personal Income,2003-08-31T00:00:00,8645.899,Monthly,UNITEDSTADISPERINC,2019-02-28T13:58:00
United States,Disposable Personal Income,2003-09-30T00:00:00,8566.995,Monthly,UNITEDSTADISPERINC,2019-02-28T13:58:00
United States,Disposable Personal Income,2003-10-31T00:00:00,8599.468,Monthly,UNITEDSTADISPERINC,2019-02-28T13:58:00
United States,Disposable Personal Income,2003-11-30T00:00:00,8664.759,Monthly,UNITEDSTADISPERINC,2019-02-28T13:58:00
United States,Disposable Personal Income,2003-12-31T00:00:00,8696.993,Monthly,UNITEDSTADISPERINC,2019-02-28T13:58:00
United States,Disposable Personal Income,2004-01-31T00:00:00,8725.12,Monthly,UNITEDSTADISPERINC,2019-02-28T13:58:00
United States,Disposable Personal Income,2004-02-29T00:00:00,8760.833,Monthly,UNITEDSTADISPERINC,2019-02-28T13:58:00
United States,Disposable Personal Income,2004-03-31T00:00:00,8811.182,Monthly,UNITEDSTADISPERINC,2019-02-28T13:58:00
United States,Disposable Personal Income,2004-04-30T00:00:00,8864.155,Monthly,UNITEDSTADISPERINC,2019-02-28T13:58:00
United States,Disposable Personal Income,2004-05-31T00:00:00,8941.54,Monthly,UNITEDSTADISPERINC,2019-02-28T13:58:00
United States,Disposable Personal Income,2004-06-30T00:00:00,8974.913,Monthly,UNITEDSTADISPERINC,2019-02-28T13:58:00
United States,Disposable Personal Income,2004-07-31T00:00:00,9002.132,Monthly,UNITEDSTADISPERINC,2019-02-28T13:58:00
United States,Disposable Personal Income,2004-08-31T00:00:00,9033.334,Monthly,UNITEDSTADISPERINC,2019-02-28T13:58:00
United States,Disposable Personal Income,2004-09-30T00:00:00,9055.703,Monthly,UNITEDSTADISPERINC,2019-02-28T13:58:00
United States,Disposable Personal Income,2004-10-31T00:00:00,9100.565,Monthly,UNITEDSTADISPERINC,2019-02-28T13:58:00
United States,Disposable Personal Income,2004-11-30T00:00:00,9111.853,Monthly,UNITEDSTADISPERINC,2019-02-28T13:58:00
United States,Disposable Personal Income,2004-12-31T00:00:00,9455.129,Monthly,UNITEDSTADISPERINC,2019-02-28T13:58:00
United States,Disposable Personal Income,2005-01-31T00:00:00,9127.368,Monthly,UNITEDSTADISPERINC,2019-02-28T13:58:00
United States,Disposable Personal Income,2005-02-28T00:00:00,9156.183,Monthly,UNITEDSTADISPERINC,2019-02-28T13:58:00
United States,Disposable Personal Income,2005-03-31T00:00:00,9215.253,Monthly,UNITEDSTADISPERINC,2019-02-28T13:58:00
United States,Disposable Personal Income,2005-04-30T00:00:00,9269.072,Monthly,UNITEDSTADISPERINC,2019-02-28T13:58:00
United States,Disposable Personal Income,2005-05-31T00:00:00,9315.997,Monthly,UNITEDSTADISPERINC,2019-02-28T13:58:00
United States,Disposable Personal Income,2005-06-30T00:00:00,9341.714,Monthly,UNITEDSTADISPERINC,2019-02-28T13:58:00
United States,Disposable Personal Income,2005-07-31T00:00:00,9383.825,Monthly,UNITEDSTADISPERINC,2019-02-28T13:58:00
United States,Disposable Personal Income,2005-08-31T00:00:00,9433.435,Monthly,UNITEDSTADISPERINC,2019-02-28T13:58:00
United States,Disposable Personal Income,2005-09-30T00:00:00,9491.525,Monthly,UNITEDSTADISPERINC,2019-02-28T13:58:00
United States,Disposable Personal Income,2005-10-31T00:00:00,9575.552,Monthly,UNITEDSTADISPERINC,2019-02-28T13:58:00
United States,Disposable Personal Income,2005-11-30T00:00:00,9634.596,Monthly,UNITEDSTADISPERINC,2019-02-28T13:58:00
United States,Disposable Personal Income,2005-12-31T00:00:00,9685.446,Monthly,UNITEDSTADISPERINC,2019-02-28T13:58:00
United States,Disposable Personal Income,2006-01-31T00:00:00,9831.126,Monthly,UNITEDSTADISPERINC,2019-02-28T13:58:00
United States,Disposable Personal Income,2006-02-28T00:00:00,9870.779,Monthly,UNITEDSTADISPERINC,2019-02-28T13:58:00
United States,Disposable Personal Income,2006-03-31T00:00:00,9905.706,Monthly,UNITEDSTADISPERINC,2019-02-28T13:58:00
United States,Disposable Personal Income,2006-04-30T00:00:00,9943.174,Monthly,UNITEDSTADISPERINC,2019-02-28T13:58:00
United States,Disposable Personal Income,2006-05-31T00:00:00,9963.633,Monthly,UNITEDSTADISPERINC,2019-02-28T13:58:00
United States,Disposable Personal Income,2006-06-30T00:00:00,10012.098,Monthly,UNITEDSTADISPERINC,2019-02-28T13:58:00
United States,Disposable Personal Income,2006-07-31T00:00:00,10039.388,Monthly,UNITEDSTADISPERINC,2019-02-28T13:58:00
United States,Disposable Personal Income,2006-08-31T00:00:00,10068.182,Monthly,UNITEDSTADISPERINC,2019-02-28T13:58:00
United States,Disposable Personal Income,2006-09-30T00:00:00,10105.198,Monthly,UNITEDSTADISPERINC,2019-02-28T13:58:00
United States,Disposable Personal Income,2006-10-31T00:00:00,10132.393,Monthly,UNITEDSTADISPERINC,2019-02-28T13:58:00
United States,Disposable Personal Income,2006-11-30T00:00:00,10175.498,Monthly,UNITEDSTADISPERINC,2019-02-28T13:58:00
United States,Disposable Personal Income,2006-12-31T00:00:00,10251.944,Monthly,UNITEDSTADISPERINC,2019-02-28T13:58:00
United States,Disposable Personal Income,2007-01-31T00:00:00,10298.203,Monthly,UNITEDSTADISPERINC,2019-02-28T13:58:00
United States,Disposable Personal Income,2007-02-28T00:00:00,10370.129,Monthly,UNITEDSTADISPERINC,2019-02-28T13:58:00
United States,Disposable Personal Income,2007-03-31T00:00:00,10442.92,Monthly,UNITEDSTADISPERINC,2019-02-28T13:58:00
United States,Disposable Personal Income,2007-04-30T00:00:00,10464.188,Monthly,UNITEDSTADISPERINC,2019-02-28T13:58:00
United States,Disposable Personal Income,2007-05-31T00:00:00,10486.977,Monthly,UNITEDSTADISPERINC,2019-02-28T13:58:00
United States,Disposable Personal Income,2007-06-30T00:00:00,10492.774,Monthly,UNITEDSTADISPERINC,2019-02-28T13:58:00
United States,Disposable Personal Income,2007-07-31T00:00:00,10518.493,Monthly,UNITEDSTADISPERINC,2019-02-28T13:58:00
United States,Disposable Personal Income,2007-08-31T00:00:00,10533.081,Monthly,UNITEDSTADISPERINC,2019-02-28T13:58:00
United States,Disposable Personal Income,2007-09-30T00:00:00,10597.796,Monthly,UNITEDSTADISPERINC,2019-02-28T13:58:00
United States,Disposable Personal Income,2007-10-31T00:00:00,10611.098,Monthly,UNITEDSTADISPERINC,2019-02-28T13:58:00
United States,Disposable Personal Income,2007-11-30T00:00:00,10653.907,Monthly,UNITEDSTADISPERINC,2019-02-28T13:58:00
United States,Disposable Personal Income,2007-12-31T00:00:00,10717.272,Monthly,UNITEDSTADISPERINC,2019-02-28T13:58:00
United States,Disposable Personal Income,2008-01-31T00:00:00,10756.65,Monthly,UNITEDSTADISPERINC,2019-02-28T13:58:00
United States,Disposable Personal Income,2008-02-29T00:00:00,10777.441,Monthly,UNITEDSTADISPERINC,2019-02-28T13:58:00
United States,Disposable Personal Income,2008-03-31T00:00:00,10806.42,Monthly,UNITEDSTADISPERINC,2019-02-28T13:58:00
United States,Disposable Personal Income,2008-04-30T00:00:00,10785.998,Monthly,UNITEDSTADISPERINC,2019-02-28T13:58:00
United States,Disposable Personal Income,2008-05-31T00:00:00,11353.63,Monthly,UNITEDSTADISPERINC,2019-02-28T13:58:00
United States,Disposable Personal Income,2008-06-30T00:00:00,11131.911,Monthly,UNITEDSTADISPERINC,2019-02-28T13:58:00
United States,Disposable Personal Income,2008-07-31T00:00:00,11004.002,Monthly,UNITEDSTADISPERINC,2019-02-28T13:58:00
United States,Disposable Personal Income,2008-08-31T00:00:00,10931.821,Monthly,UNITEDSTADISPERINC,2019-02-28T13:58:00
United States,Disposable Personal Income,2008-09-30T00:00:00,10974.032,Monthly,UNITEDSTADISPERINC,2019-02-28T13:58:00
United States,Disposable Personal Income,2008-10-31T00:00:00,10966.252,Monthly,UNITEDSTADISPERINC,2019-02-28T13:58:00
United States,Disposable Personal Income,2008-11-30T00:00:00,10922.674,Monthly,UNITEDSTADISPERINC,2019-02-28T13:58:00
United States,Disposable Personal Income,2008-12-31T00:00:00,10809.406,Monthly,UNITEDSTADISPERINC,2019-02-28T13:58:00
United States,Disposable Personal Income,2009-01-31T00:00:00,10851.666,Monthly,UNITEDSTADISPERINC,2019-02-28T13:58:00
United States,Disposable Personal Income,2009-02-28T00:00:00,10761.616,Monthly,UNITEDSTADISPERINC,2019-02-28T13:58:00
United States,Disposable Personal Income,2009-03-31T00:00:00,10749.33,Monthly,UNITEDSTADISPERINC,2019-02-28T13:58:00
United States,Disposable Personal Income,2009-04-30T00:00:00,10862.952,Monthly,UNITEDSTADISPERINC,2019-02-28T13:58:00
United States,Disposable Personal Income,2009-05-31T00:00:00,11056.266,Monthly,UNITEDSTADISPERINC,2019-02-28T13:58:00
United States,Disposable Personal Income,2009-06-30T00:00:00,10938.089,Monthly,UNITEDSTADISPERINC,2019-02-28T13:58:00
United States,Disposable Personal Income,2009-07-31T00:00:00,10888.006,Monthly,UNITEDSTADISPERINC,2019-02-28T13:58:00
United States,Disposable Personal Income,2009-08-31T00:00:00,10891.712,Monthly,UNITEDSTADISPERINC,2019-02-28T13:58:00
United States,Disposable Personal Income,2009-09-30T00:00:00,10930.341,Monthly,UNITEDSTADISPERINC,2019-02-28T13:58:00
United States,Disposable Personal Income,2009-10-31T00:00:00,10925.142,Monthly,UNITEDSTADISPERINC,2019-02-28T13:58:00
United States,Disposable Personal Income,2009-11-30T00:00:00,10982.353,Monthly,UNITEDSTADISPERINC,2019-02-28T13:58:00
United States,Disposable Personal Income,2009-12-31T00:00:00,11047.259,Monthly,UNITEDSTADISPERINC,2019-02-28T13:58:00
United States,Disposable Personal Income,2010-01-31T00:00:00,11070.401,Monthly,UNITEDSTADISPERINC,2019-02-28T13:58:00
United States,Disposable Personal Income,2010-02-28T00:00:00,11066.484,Monthly,UNITEDSTADISPERINC,2019-02-28T13:58:00
United States,Disposable Personal Income,2010-03-31T00:00:00,11116.277,Monthly,UNITEDSTADISPERINC,2019-02-28T13:58:00
United States,Disposable Personal Income,2010-04-30T00:00:00,11213.477,Monthly,UNITEDSTADISPERINC,2019-02-28T13:58:00
United States,Disposable Personal Income,2010-05-31T00:00:00,11305.989,Monthly,UNITEDSTADISPERINC,2019-02-28T13:58:00
United States,Disposable Personal Income,2010-06-30T00:00:00,11319.722,Monthly,UNITEDSTADISPERINC,2019-02-28T13:58:00
United States,Disposable Personal Income,2010-07-31T00:00:00,11348.154,Monthly,UNITEDSTADISPERINC,2019-02-28T13:58:00
United States,Disposable Personal Income,2010-08-31T00:00:00,11396.291,Monthly,UNITEDSTADISPERINC,2019-02-28T13:58:00
United States,Disposable Personal Income,2010-09-30T00:00:00,11395.723,Monthly,UNITEDSTADISPERINC,2019-02-28T13:58:00
United States,Disposable Personal Income,2010-10-31T00:00:00,11446.059,Monthly,UNITEDSTADISPERINC,2019-02-28T13:58:00
United States,Disposable Personal Income,2010-11-30T00:00:00,11492.959,Monthly,UNITEDSTADISPERINC,2019-02-28T13:58:00
United States,Disposable Personal Income,2010-12-31T00:00:00,11600.404,Monthly,UNITEDSTADISPERINC,2019-02-28T13:58:00
United States,Disposable Personal Income,2011-01-31T00:00:00,11686.408,Monthly,UNITEDSTADISPERINC,2019-02-28T13:58:00
United States,Disposable Personal Income,2011-02-28T00:00:00,11749.182,Monthly,UNITEDSTADISPERINC,2019-02-28T13:58:00
United States,Disposable Personal Income,2011-03-31T00:00:00,11760.744,Monthly,UNITEDSTADISPERINC,2019-02-28T13:58:00
United States,Disposable Personal Income,2011-04-30T00:00:00,11788.265,Monthly,UNITEDSTADISPERINC,2019-02-28T13:58:00
United States,Disposable Personal Income,2011-05-31T00:00:00,11812.12,Monthly,UNITEDSTADISPERINC,2019-02-28T13:58:00
United States,Disposable Personal Income,2011-06-30T00:00:00,11865.397,Monthly,UNITEDSTADISPERINC,2019-02-28T13:58:00
United States,Disposable Personal Income,2011-07-31T00:00:00,11921.952,Monthly,UNITEDSTADISPERINC,2019-02-28T13:58:00
United States,Disposable Personal Income,2011-08-31T00:00:00,11937.769,Monthly,UNITEDSTADISPERINC,2019-02-28T13:58:00
United States,Disposable Personal Income,2011-09-30T00:00:00,11933.719,Monthly,UNITEDSTADISPERINC,2019-02-28T13:58:00
United States,Disposable Personal Income,2011-10-31T00:00:00,11955.844,Monthly,UNITEDSTADISPERINC,2019-02-28T13:58:00
United States,Disposable Personal Income,2011-11-30T00:00:00,11978.07,Monthly,UNITEDSTADISPERINC,2019-02-28T13:58:00
United States,Disposable Personal Income,2011-12-31T00:00:00,12093.564,Monthly,UNITEDSTADISPERINC,2019-02-28T13:58:00
United States,Disposable Personal Income,2012-01-31T00:00:00,12227.014,Monthly,UNITEDSTADISPERINC,2019-02-28T13:58:00
United States,Disposable Personal Income,2012-02-29T00:00:00,12330.289,Monthly,UNITEDSTADISPERINC,2019-02-28T13:58:00
United States,Disposable Personal Income,2012-03-31T00:00:00,12396.445,Monthly,UNITEDSTADISPERINC,2019-02-28T13:58:00
United States,Disposable Personal Income,2012-04-30T00:00:00,12461.077,Monthly,UNITEDSTADISPERINC,2019-02-28T13:58:00
United States,Disposable Personal Income,2012-05-31T00:00:00,12456.793,Monthly,UNITEDSTADISPERINC,2019-02-28T13:58:00
United States,Disposable Personal Income,2012-06-30T00:00:00,12461.181,Monthly,UNITEDSTADISPERINC,2019-02-28T13:58:00
United States,Disposable Personal Income,2012-07-31T00:00:00,12377.404,Monthly,UNITEDSTADISPERINC,2019-02-28T13:58:00
United States,Disposable Personal Income,2012-08-31T00:00:00,12371.179,Monthly,UNITEDSTADISPERINC,2019-02-28T13:58:00
United States,Disposable Personal Income,2012-09-30T00:00:00,12469.322,Monthly,UNITEDSTADISPERINC,2019-02-28T13:58:00
United States,Disposable Personal Income,2012-10-31T00:00:00,12600.362,Monthly,UNITEDSTADISPERINC,2019-02-28T13:58:00
United States,Disposable Personal Income,2012-11-30T00:00:00,12769.727,Monthly,UNITEDSTADISPERINC,2019-02-28T13:58:00
United States,Disposable Personal Income,2012-12-31T00:00:00,13093.553,Monthly,UNITEDSTADISPERINC,2019-02-28T13:58:00
United States,Disposable Personal Income,2013-01-31T00:00:00,12355.183,Monthly,UNITEDSTADISPERINC,2021-07-30T12:50:00
United States,Disposable Personal Income,2013-02-28T00:00:00,12365.975,Monthly,UNITEDSTADISPERINC,2021-07-30T12:50:00
United States,Disposable Personal Income,2013-03-31T00:00:00,12387.348,Monthly,UNITEDSTADISPERINC,2021-07-30T12:50:00
United States,Disposable Personal Income,2013-04-30T00:00:00,12414.942,Monthly,UNITEDSTADISPERINC,2021-07-30T12:50:00
United States,Disposable Personal Income,2013-05-31T00:00:00,12483.205,Monthly,UNITEDSTADISPERINC,2021-07-30T12:50:00
United States,Disposable Personal Income,2013-06-30T00:00:00,12513.212,Monthly,UNITEDSTADISPERINC,2021-07-30T12:50:00
United States,Disposable Personal Income,2013-07-31T00:00:00,12517.573,Monthly,UNITEDSTADISPERINC,2021-07-30T12:50:00
United States,Disposable Personal Income,2013-08-31T00:00:00,12566.19,Monthly,UNITEDSTADISPERINC,2021-07-30T12:50:00
United States,Disposable Personal Income,2013-09-30T00:00:00,12623.859,Monthly,UNITEDSTADISPERINC,2021-07-30T12:50:00
United States,Disposable Personal Income,2013-10-31T00:00:00,12608.2,Monthly,UNITEDSTADISPERINC,2021-07-30T12:50:00
United States,Disposable Personal Income,2013-11-30T00:00:00,12659.627,Monthly,UNITEDSTADISPERINC,2021-07-30T12:50:00
United States,Disposable Personal Income,2013-12-31T00:00:00,12711.869,Monthly,UNITEDSTADISPERINC,2021-07-30T12:50:00
United States,Disposable Personal Income,2014-01-31T00:00:00,12797.895,Monthly,UNITEDSTADISPERINC,2021-07-30T12:50:00
United States,Disposable Personal Income,2014-02-28T00:00:00,12873.235,Monthly,UNITEDSTADISPERINC,2021-07-30T12:50:00
United States,Disposable Personal Income,2014-03-31T00:00:00,12969.763,Monthly,UNITEDSTADISPERINC,2021-07-30T12:50:00
United States,Disposable Personal Income,2014-04-30T00:00:00,13046.775,Monthly,UNITEDSTADISPERINC,2021-07-30T12:50:00
United States,Disposable Personal Income,2014-05-31T00:00:00,13116.666,Monthly,UNITEDSTADISPERINC,2021-07-30T12:50:00
United States,Disposable Personal Income,2014-06-30T00:00:00,13185.224,Monthly,UNITEDSTADISPERINC,2021-07-30T12:50:00
United States,Disposable Personal Income,2014-07-31T00:00:00,13244.098,Monthly,UNITEDSTADISPERINC,2021-07-30T12:50:00
United States,Disposable Personal Income,2014-08-31T00:00:00,13305.587,Monthly,UNITEDSTADISPERINC,2021-07-30T12:50:00
United States,Disposable Personal Income,2014-09-30T00:00:00,13352.963,Monthly,UNITEDSTADISPERINC,2021-07-30T12:50:00
United States,Disposable Personal Income,2014-10-31T00:00:00,13407.747,Monthly,UNITEDSTADISPERINC,2021-07-30T12:50:00
United States,Disposable Personal Income,2014-11-30T00:00:00,13467.141,Monthly,UNITEDSTADISPERINC,2021-07-30T12:50:00
United States,Disposable Personal Income,2014-12-31T00:00:00,13536.795,Monthly,UNITEDSTADISPERINC,2021-07-30T12:50:00
United States,Disposable Personal Income,2015-01-31T00:00:00,13550.348,Monthly,UNITEDSTADISPERINC,2021-07-30T12:50:00
United States,Disposable Personal Income,2015-02-28T00:00:00,13621.08,Monthly,UNITEDSTADISPERINC,2021-07-30T12:50:00
United States,Disposable Personal Income,2015-03-31T00:00:00,13608.01,Monthly,UNITEDSTADISPERINC,2021-07-30T12:50:00
United States,Disposable Personal Income,2015-04-30T00:00:00,13648.413,Monthly,UNITEDSTADISPERINC,2021-07-30T12:50:00
United States,Disposable Personal Income,2015-05-31T00:00:00,13703.733,Monthly,UNITEDSTADISPERINC,2021-07-30T12:50:00
United States,Disposable Personal Income,2015-06-30T00:00:00,13738.585,Monthly,UNITEDSTADISPERINC,2021-07-30T12:50:00
United States,Disposable Personal Income,2015-07-31T00:00:00,13782.333,Monthly,UNITEDSTADISPERINC,2021-07-30T12:50:00
United States,Disposable Personal Income,2015-08-31T00:00:00,13814.3,Monthly,UNITEDSTADISPERINC,2021-07-30T12:50:00
United States,Disposable Personal Income,2015-09-30T00:00:00,13832.21,Monthly,UNITEDSTADISPERINC,2021-07-30T12:50:00
United States,Disposable Personal Income,2015-10-31T00:00:00,13858.86,Monthly,UNITEDSTADISPERINC,2021-07-30T12:50:00
United States,Disposable Personal Income,2015-11-30T00:00:00,13865.163,Monthly,UNITEDSTADISPERINC,2021-07-30T12:50:00
United States,Disposable Personal Income,2015-12-31T00:00:00,13920.323,Monthly,UNITEDSTADISPERINC,2021-07-30T12:50:00
United States,Disposable Personal Income,2016-01-31T00:00:00,13978.669,Monthly,UNITEDSTADISPERINC,2021-07-30T12:50:00
United States,Disposable Personal Income,2016-02-29T00:00:00,13984.911,Monthly,UNITEDSTADISPERINC,2021-07-30T12:50:00
United States,Disposable Personal Income,2016-03-31T00:00:00,14018.394,Monthly,UNITEDSTADISPERINC,2021-07-30T12:50:00
United States,Disposable Personal Income,2016-04-30T00:00:00,14038.521,Monthly,UNITEDSTADISPERINC,2021-07-30T12:50:00
United States,Disposable Personal Income,2016-05-31T00:00:00,14052.147,Monthly,UNITEDSTADISPERINC,2021-07-30T12:50:00
United States,Disposable Personal Income,2016-06-30T00:00:00,14085.466,Monthly,UNITEDSTADISPERINC,2021-07-30T12:50:00
United States,Disposable Personal Income,2016-07-31T00:00:00,14138.85,Monthly,UNITEDSTADISPERINC,2021-07-30T12:50:00
United States,Disposable Personal Income,2016-08-31T00:00:00,14172.277,Monthly,UNITEDSTADISPERINC,2021-07-30T12:50:00
United States,Disposable Personal Income,2016-09-30T00:00:00,14227.689,Monthly,UNITEDSTADISPERINC,2021-07-30T12:50:00
United States,Disposable Personal Income,2016-10-31T00:00:00,14279.439,Monthly,UNITEDSTADISPERINC,2021-07-30T12:50:00
United States,Disposable Personal Income,2016-11-30T00:00:00,14316.302,Monthly,UNITEDSTADISPERINC,2021-07-30T12:50:00
United States,Disposable Personal Income,2016-12-31T00:00:00,14371.345,Monthly,UNITEDSTADISPERINC,2021-07-30T12:50:00
United States,Disposable Personal Income,2017-01-31T00:00:00,14484.951,Monthly,UNITEDSTADISPERINC,2021-07-30T12:50:00
United States,Disposable Personal Income,2017-02-28T00:00:00,14550.618,Monthly,UNITEDSTADISPERINC,2021-07-30T12:50:00
United States,Disposable Personal Income,2017-03-31T00:00:00,14605.353,Monthly,UNITEDSTADISPERINC,2021-07-30T12:50:00
United States,Disposable Personal Income,2017-04-30T00:00:00,14663.95,Monthly,UNITEDSTADISPERINC,2021-07-30T12:50:00
United States,Disposable Personal Income,2017-05-31T00:00:00,14758.206,Monthly,UNITEDSTADISPERINC,2021-07-30T12:50:00
United States,Disposable Personal Income,2017-06-30T00:00:00,14775.284,Monthly,UNITEDSTADISPERINC,2021-07-30T12:50:00
United States,Disposable Personal Income,2017-07-31T00:00:00,14817.388,Monthly,UNITEDSTADISPERINC,2021-07-30T12:50:00
United States,Disposable Personal Income,2017-08-31T00:00:00,14866.341,Monthly,UNITEDSTADISPERINC,2021-07-30T12:50:00
United States,Disposable Personal Income,2017-09-30T00:00:00,14944.977,Monthly,UNITEDSTADISPERINC,2021-07-30T12:50:00
United States,Disposable Personal Income,2017-10-31T00:00:00,15003.093,Monthly,UNITEDSTADISPERINC,2021-07-30T12:50:00
United States,Disposable Personal Income,2017-11-30T00:00:00,15046.258,Monthly,UNITEDSTADISPERINC,2021-07-30T12:50:00
United States,Disposable Personal Income,2017-12-31T00:00:00,15097.955,Monthly,UNITEDSTADISPERINC,2021-07-30T12:50:00
United States,Disposable Personal Income,2018-01-31T00:00:00,15255.826,Monthly,UNITEDSTADISPERINC,2021-07-30T12:50:00
United States,Disposable Personal Income,2018-02-28T00:00:00,15328.776,Monthly,UNITEDSTADISPERINC,2021-07-30T12:50:00
United States,Disposable Personal Income,2018-03-31T00:00:00,15404.839,Monthly,UNITEDSTADISPERINC,2021-07-30T12:50:00
United States,Disposable Personal Income,2018-04-30T00:00:00,15476.319,Monthly,UNITEDSTADISPERINC,2021-07-30T12:50:00
United States,Disposable Personal Income,2018-05-31T00:00:00,15551.548,Monthly,UNITEDSTADISPERINC,2021-07-30T12:50:00
United States,Disposable Personal Income,2018-06-30T00:00:00,15618.123,Monthly,UNITEDSTADISPERINC,2021-07-30T12:50:00
United States,Disposable Personal Income,2018-07-31T00:00:00,15685.547,Monthly,UNITEDSTADISPERINC,2021-07-30T12:50:00
United States,Disposable Personal Income,2018-08-31T00:00:00,15741.065,Monthly,UNITEDSTADISPERINC,2021-07-30T12:50:00
United States,Disposable Personal Income,2018-09-30T00:00:00,15762.622,Monthly,UNITEDSTADISPERINC,2021-07-30T12:50:00
United States,Disposable Personal Income,2018-10-31T00:00:00,15826.918,Monthly,UNITEDSTADISPERINC,2021-07-30T12:50:00
United States,Disposable Personal Income,2018-11-30T00:00:00,15862.751,Monthly,UNITEDSTADISPERINC,2021-07-30T12:50:00
United States,Disposable Personal Income,2018-12-31T00:00:00,16042.187,Monthly,UNITEDSTADISPERINC,2021-07-30T12:50:00
United States,Disposable Personal Income,2019-01-31T00:00:00,16027.828,Monthly,UNITEDSTADISPERINC,2021-07-30T12:50:00
United States,Disposable Personal Income,2019-02-28T00:00:00,16073.826,Monthly,UNITEDSTADISPERINC,2021-07-30T12:50:00
United States,Disposable Personal Income,2019-03-31T00:00:00,16107.107,Monthly,UNITEDSTADISPERINC,2021-07-30T12:50:00
United States,Disposable Personal Income,2019-04-30T00:00:00,16110.076,Monthly,UNITEDSTADISPERINC,2021-07-30T12:50:00
United States,Disposable Personal Income,2019-05-31T00:00:00,16115.089,Monthly,UNITEDSTADISPERINC,2021-07-30T12:50:00
United States,Disposable Personal Income,2019-06-30T00:00:00,16142.744,Monthly,UNITEDSTADISPERINC,2021-07-30T12:50:00
United States,Disposable Personal Income,2019-07-31T00:00:00,16184.374,Monthly,UNITEDSTADISPERINC,2021-07-30T12:50:00
United States,Disposable Personal Income,2019-08-31T00:00:00,16274.622,Monthly,UNITEDSTADISPERINC,2021-07-30T12:50:00
United States,Disposable Personal Income,2019-09-30T00:00:00,16319.68,Monthly,UNITEDSTADISPERINC,2021-07-30T12:50:00
United States,Disposable Personal Income,2019-10-31T00:00:00,16373.587,Monthly,UNITEDSTADISPERINC,2021-07-30T12:50:00
United States,Disposable Personal Income,2019-11-30T00:00:00,16457.878,Monthly,UNITEDSTADISPERINC,2021-07-30T12:50:00
United States,Disposable Personal Income,2019-12-31T00:00:00,16444.322,Monthly,UNITEDSTADISPERINC,2021-07-30T12:50:00
United States,Disposable Personal Income,2020-01-31T00:00:00,16622.58,Monthly,UNITEDSTADISPERINC,2021-07-30T12:50:00
United States,Disposable Personal Income,2020-02-29T00:00:00,16734.842,Monthly,UNITEDSTADISPERINC,2021-07-30T12:50:00
United States,Disposable Personal Income,2020-03-31T00:00:00,16444.275,Monthly,UNITEDSTADISPERINC,2021-07-30T12:50:00
United States,Disposable Personal Income,2020-04-30T00:00:00,18919.376,Monthly,UNITEDSTADISPERINC,2021-07-30T12:50:00
United States,Disposable Personal Income,2020-05-31T00:00:00,18024.005,Monthly,UNITEDSTADISPERINC,2021-07-30T12:50:00
United States,Disposable Personal Income,2020-06-30T00:00:00,17805.557,Monthly,UNITEDSTADISPERINC,2021-07-30T12:50:00
United States,Disposable Personal Income,2020-07-31T00:00:00,17960.57,Monthly,UNITEDSTADISPERINC,2021-07-30T12:50:00
United States,Disposable Personal Income,2020-08-31T00:00:00,17349.621,Monthly,UNITEDSTADISPERINC,2021-07-30T12:50:00
United States,Disposable Personal Income,2020-09-30T00:00:00,17476.826,Monthly,UNITEDSTADISPERINC,2021-07-30T12:50:00
United States,Disposable Personal Income,2020-10-31T00:00:00,17398.891,Monthly,UNITEDSTADISPERINC,2021-07-30T12:50:00
United States,Disposable Personal Income,2020-11-30T00:00:00,17175.6,Monthly,UNITEDSTADISPERINC,2021-07-30T12:50:00
United States,Disposable Personal Income,2020-12-31T00:00:00,17272.2,Monthly,UNITEDSTADISPERINC,2021-07-30T12:50:00
United States,Disposable Personal Income,2021-01-31T00:00:00,19203.1,Monthly,UNITEDSTADISPERINC,2021-07-30T12:50:00
United States,Disposable Personal Income,2021-02-28T00:00:00,17640.4,Monthly,UNITEDSTADISPERINC,2021-07-30T12:50:00
United States,Disposable Personal Income,2021-03-31T00:00:00,21802.3,Monthly,UNITEDSTADISPERINC,2021-07-30T12:50:00
United States,Disposable Personal Income,2021-04-30T00:00:00,18460,Monthly,UNITEDSTADISPERINC,2021-07-30T12:50:00
United States,Disposable Personal Income,2021-05-31T00:00:00,17958,Monthly,UNITEDSTADISPERINC,2021-07-30T12:50:00
United States,Disposable Personal Income,2021-06-30T00:00:00,17955.4,Monthly,UNITEDSTADISPERINC,2021-07-30T12:49:00
